date,account,medal_id,value
2025-04-04,Thombay,ace_trainer,182.0
2025-04-04,Thombay,alola,50.0
2025-04-04,Thombay,backpacker,20784.0
2025-04-04,Thombay,battle_girl,1467.0
2025-04-04,Thombay,battle_legend,172.0
2025-04-04,Thombay,berry_master,2968.0
2025-04-04,Thombay,best_buddy,5.0
2025-04-04,Thombay,breeder,1165.0
2025-04-04,Thombay,bug,4798.0
2025-04-04,Thombay,cameraman,86.0
2025-04-04,Thombay,champion,126.0
2025-04-04,Thombay,collector,31163.0
2025-04-04,Thombay,community_member,0.0
2025-04-04,Thombay,dark,1850.0
2025-04-04,Thombay,distance_walked,5969.6
2025-04-04,Thombay,dragon,466.0
2025-04-04,Thombay,electric,2070.0
2025-04-04,Thombay,expert_navigator,41.0
2025-04-04,Thombay,fairy,1435.0
2025-04-04,Thombay,fighting,1623.0
2025-04-04,Thombay,fire,1834.0
2025-04-04,Thombay,fisher,38.0
2025-04-04,Thombay,flying,5886.0
2025-04-04,Thombay,galar,39.0
2025-04-04,Thombay,gentleman,359.0
2025-04-04,Thombay,ghost,1331.0
2025-04-04,Thombay,grass,3789.0
2025-04-04,Thombay,great_league_veteran,166.0
2025-04-04,Thombay,ground,2195.0
2025-04-04,Thombay,gym_leader,8651.0
2025-04-04,Thombay,hero,582.0
2025-04-04,Thombay,hisui,5.0
2025-04-04,Thombay,hoenn,132.0
2025-04-04,Thombay,ice,1230.0
2025-04-04,Thombay,idol,72.0
2025-04-04,Thombay,jogger,5844.7
2025-04-04,Thombay,johto,100.0
2025-04-04,Thombay,jumbo_pokemon_collector,61.0
2025-04-04,Thombay,kalos,59.0
2025-04-04,Thombay,kanto,151.0
2025-04-04,Thombay,life_of_a_party,259.0
2025-04-04,Thombay,master_league_veteran,138.0
2025-04-04,Thombay,mega_evolution_guru,10.0
2025-04-04,Thombay,normal,12354.0
2025-04-04,Thombay,paldea,36.0
2025-04-04,Thombay,picnicker,153.0
2025-04-04,Thombay,pikachu_fan,340.0
2025-04-04,Thombay,pilot,585725.0
2025-04-04,Thombay,poison,6099.0
2025-04-04,Thombay,pokemon_caught,33564.0
2025-04-04,Thombay,pokemon_ranger,628.0
2025-04-04,Thombay,pokestops_visited,23331.0
2025-04-04,Thombay,psychic,4960.0
2025-04-04,Thombay,purifier,183.0
2025-04-04,Thombay,raid_expert,99.0
2025-04-04,Thombay,rising_star,92.0
2025-04-04,Thombay,rising_star_duo,196.0
2025-04-04,Thombay,rock,1848.0
2025-04-04,Thombay,scientist,1536.0
2025-04-04,Thombay,showcase_star,1.0
2025-04-04,Thombay,sightseer,1388.0
2025-04-04,Thombay,sinnoh,100.0
2025-04-04,Thombay,steel,1106.0
2025-04-04,Thombay,successor,16.0
2025-04-04,Thombay,tiny_pokemon_collector,45.0
2025-04-04,Thombay,triathlete,59.0
2025-04-04,Thombay,ultra_hero,8.0
2025-04-04,Thombay,ultra_league_veteran,93.0
2025-04-04,Thombay,unova,152.0
2025-04-04,Thombay,unown,6.0
2025-04-04,Thombay,water,7050.0
2025-04-04,Thombay,wayfarer,6.0
2025-04-04,Thombay,youngster,88.0
2025-04-26,Thombay,ace_trainer,182.0
2025-04-26,Thombay,backpacker,23175.0
2025-04-26,Thombay,battle_girl,1525.0
2025-04-26,Thombay,battle_legend,176.0
2025-04-26,Thombay,berry_master,4240.0
2025-04-26,Thombay,best_buddy,5.0
2025-04-26,Thombay,breeder,1184.0
2025-04-26,Thombay,bug,4798.0
2025-04-26,Thombay,cameraman,95.0
2025-04-26,Thombay,champion,142.0
2025-04-26,Thombay,collector,33433.0
2025-04-26,Thombay,community_member,0.0
2025-04-26,Thombay,dark,1850.0
2025-04-26,Thombay,distance_walked,5969.6
2025-04-26,Thombay,dragon,466.0
2025-04-26,Thombay,electric,2070.0
2025-04-26,Thombay,expert_navigator,41.0
2025-04-26,Thombay,fairy,1435.0
2025-04-26,Thombay,fighting,1623.0
2025-04-26,Thombay,fire,1834.0
2025-04-26,Thombay,fisher,38.0
2025-04-26,Thombay,flying,5886.0
2025-04-26,Thombay,gentleman,359.0
2025-04-26,Thombay,ghost,1331.0
2025-04-26,Thombay,grass,3789.0
2025-04-26,Thombay,great_league_veteran,166.0
2025-04-26,Thombay,ground,2195.0
2025-04-26,Thombay,gym_leader,9391.0
2025-04-26,Thombay,hero,665.0
2025-04-26,Thombay,hoenn,132.0
2025-04-26,Thombay,ice,1230.0
2025-04-26,Thombay,idol,72.0
2025-04-26,Thombay,jogger,5965.6
2025-04-26,Thombay,johto,100.0
2025-04-26,Thombay,jumbo_pokemon_collector,70.0
2025-04-26,Thombay,kanto,151.0
2025-04-26,Thombay,life_of_a_party,259.0
2025-04-26,Thombay,master_league_veteran,138.0
2025-04-26,Thombay,mega_evolution_guru,10.0
2025-04-26,Thombay,normal,12354.0
2025-04-26,Thombay,picnicker,243.0
2025-04-26,Thombay,pikachu_fan,340.0
2025-04-26,Thombay,pilot,585725.0
2025-04-26,Thombay,poison,6099.0
2025-04-26,Thombay,pokemon_caught,33564.0
2025-04-26,Thombay,pokemon_ranger,652.0
2025-04-26,Thombay,pokestops_visited,23331.0
2025-04-26,Thombay,psychic,4960.0
2025-04-26,Thombay,purifier,244.0
2025-04-26,Thombay,raid_expert,119.0
2025-04-26,Thombay,rising_star,103.0
2025-04-26,Thombay,rising_star_duo,215.0
2025-04-26,Thombay,rock,1848.0
2025-04-26,Thombay,scientist,1536.0
2025-04-26,Thombay,sightseer,1430.0
2025-04-26,Thombay,steel,1106.0
2025-04-26,Thombay,successor,28.0
2025-04-26,Thombay,tiny_pokemon_collector,56.0
2025-04-26,Thombay,triathlete,64.0
2025-04-26,Thombay,ultra_hero,8.0
2025-04-26,Thombay,ultra_league_veteran,93.0
2025-04-26,Thombay,unown,6.0
2025-04-26,Thombay,water,7050.0
2025-04-26,Thombay,wayfarer,6.0
2025-04-26,Thombay,youngster,88.0
2025-05-21,Thombay,ace_trainer,194.0
2025-05-21,Thombay,alola,50.0
2025-05-21,Thombay,backpacker,25257.0
2025-05-21,Thombay,battle_girl,1542.0
2025-05-21,Thombay,battle_legend,181.0
2025-05-21,Thombay,berry_master,6270.0
2025-05-21,Thombay,best_buddy,6.0
2025-05-21,Thombay,breeder,1201.0
2025-05-21,Thombay,bug,4798.0
2025-05-21,Thombay,cameraman,103.0
2025-05-21,Thombay,champion,148.0
2025-05-21,Thombay,collector,35187.0
2025-05-21,Thombay,community_member,0.0
2025-05-21,Thombay,dark,1946.0
2025-05-21,Thombay,distance_walked,6107.3
2025-05-21,Thombay,dragon,497.0
2025-05-21,Thombay,electric,2207.0
2025-05-21,Thombay,expert_navigator,45.0
2025-05-21,Thombay,fairy,1474.0
2025-05-21,Thombay,fighting,1718.0
2025-05-21,Thombay,fire,1957.0
2025-05-21,Thombay,fisher,43.0
2025-05-21,Thombay,flying,5886.0
2025-05-21,Thombay,galar,39.0
2025-05-21,Thombay,gentleman,359.0
2025-05-21,Thombay,ghost,1370.0
2025-05-21,Thombay,grass,3789.0
2025-05-21,Thombay,great_league_veteran,170.0
2025-05-21,Thombay,ground,2252.0
2025-05-21,Thombay,gym_leader,10201.0
2025-05-21,Thombay,hero,715.0
2025-05-21,Thombay,hisui,5.0
2025-05-21,Thombay,hoenn,132.0
2025-05-21,Thombay,ice,1256.0
2025-05-21,Thombay,idol,72.0
2025-05-21,Thombay,jogger,6107.3
2025-05-21,Thombay,johto,100.0
2025-05-21,Thombay,jumbo_pokemon_collector,87.0
2025-05-21,Thombay,kalos,59.0
2025-05-21,Thombay,kanto,151.0
2025-05-21,Thombay,life_of_a_party,259.0
2025-05-21,Thombay,master_league_veteran,138.0
2025-05-21,Thombay,mega_evolution_guru,11.0
2025-05-21,Thombay,normal,12354.0
2025-05-21,Thombay,paldea,36.0
2025-05-21,Thombay,picnicker,312.0
2025-05-21,Thombay,pikachu_fan,340.0
2025-05-21,Thombay,pilot,585725.0
2025-05-21,Thombay,poison,6099.0
2025-05-21,Thombay,pokemon_caught,35187.0
2025-05-21,Thombay,pokemon_ranger,681.0
2025-05-21,Thombay,pokestops_visited,25257.0
2025-05-21,Thombay,psychic,4960.0
2025-05-21,Thombay,purifier,291.0
2025-05-21,Thombay,raid_expert,130.0
2025-05-21,Thombay,rising_star,106.0
2025-05-21,Thombay,rising_star_duo,226.0
2025-05-21,Thombay,rock,1893.0
2025-05-21,Thombay,scientist,1550.0
2025-05-21,Thombay,showcase_star,1.0
2025-05-21,Thombay,sightseer,1523.0
2025-05-21,Thombay,sinnoh,100.0
2025-05-21,Thombay,steel,1149.0
2025-05-21,Thombay,successor,40.0
2025-05-21,Thombay,tiny_pokemon_collector,71.0
2025-05-21,Thombay,triathlete,71.0
2025-05-21,Thombay,ultra_hero,8.0
2025-05-21,Thombay,ultra_league_veteran,93.0
2025-05-21,Thombay,unova,152.0
2025-05-21,Thombay,unown,6.0
2025-05-21,Thombay,water,7050.0
2025-05-21,Thombay,wayfarer,6.0
2025-05-21,Thombay,youngster,94.0
2025-06-27,Thombay,ace_trainer,201.0
2025-06-27,Thombay,alola,50.0
2025-06-27,Thombay,backpacker,27687.0
2025-06-27,Thombay,battle_girl,1591.0
2025-06-27,Thombay,battle_legend,216.0
2025-06-27,Thombay,berry_master,7764.0
2025-06-27,Thombay,best_buddy,7.0
2025-06-27,Thombay,breeder,1225.0
2025-06-27,Thombay,bug,4798.0
2025-06-27,Thombay,cameraman,107.0
2025-06-27,Thombay,champion,155.0
2025-06-27,Thombay,collector,37382.0
2025-06-27,Thombay,community_member,0.0
2025-06-27,Thombay,dark,2105.0
2025-06-27,Thombay,distance_walked,6293.4
2025-06-27,Thombay,dragon,555.0
2025-06-27,Thombay,electric,2370.0
2025-06-27,Thombay,expert_navigator,45.0
2025-06-27,Thombay,fairy,1611.0
2025-06-27,Thombay,fighting,1945.0
2025-06-27,Thombay,fire,2045.0
2025-06-27,Thombay,fisher,46.0
2025-06-27,Thombay,flying,5886.0
2025-06-27,Thombay,galar,39.0
2025-06-27,Thombay,gentleman,411.0
2025-06-27,Thombay,ghost,1541.0
2025-06-27,Thombay,grass,3789.0
2025-06-27,Thombay,great_league_veteran,176.0
2025-06-27,Thombay,ground,2457.0
2025-06-27,Thombay,gym_leader,10815.0
2025-06-27,Thombay,hero,746.0
2025-06-27,Thombay,hisui,5.0
2025-06-27,Thombay,hoenn,132.0
2025-06-27,Thombay,ice,1303.0
2025-06-27,Thombay,idol,72.0
2025-06-27,Thombay,jogger,6292.9
2025-06-27,Thombay,johto,100.0
2025-06-27,Thombay,jumbo_pokemon_collector,96.0
2025-06-27,Thombay,kalos,59.0
2025-06-27,Thombay,kanto,151.0
2025-06-27,Thombay,life_of_a_party,259.0
2025-06-27,Thombay,master_league_veteran,138.0
2025-06-27,Thombay,mega_evolution_guru,13.0
2025-06-27,Thombay,normal,12354.0
2025-06-27,Thombay,paldea,36.0
2025-06-27,Thombay,picnicker,336.0
2025-06-27,Thombay,pikachu_fan,340.0
2025-06-27,Thombay,pilot,612261.0
2025-06-27,Thombay,poison,6099.0
2025-06-27,Thombay,pokemon_caught,37392.0
2025-06-27,Thombay,pokemon_ranger,750.0
2025-06-27,Thombay,pokestops_visited,27698.0
2025-06-27,Thombay,psychic,4960.0
2025-06-27,Thombay,purifier,328.0
2025-06-27,Thombay,raid_expert,172.0
2025-06-27,Thombay,rising_star,115.0
2025-06-27,Thombay,rising_star_duo,267.0
2025-06-27,Thombay,rock,2025.0
2025-06-27,Thombay,scientist,1571.0
2025-06-27,Thombay,showcase_star,1.0
2025-06-27,Thombay,sightseer,1603.0
2025-06-27,Thombay,sinnoh,100.0
2025-06-27,Thombay,steel,1279.0
2025-06-27,Thombay,successor,69.0
2025-06-27,Thombay,tiny_pokemon_collector,80.0
2025-06-27,Thombay,triathlete,75.0
2025-06-27,Thombay,ultra_hero,8.0
2025-06-27,Thombay,ultra_league_veteran,96.0
2025-06-27,Thombay,unova,152.0
2025-06-27,Thombay,unown,6.0
2025-06-27,Thombay,water,7050.0
2025-06-27,Thombay,wayfarer,6.0
2025-06-27,Thombay,youngster,98.0
2025-08-25,Thombay,ace_trainer,202.0
2025-08-25,Thombay,alola,60.0
2025-08-25,Thombay,backpacker,32785.0
2025-08-25,Thombay,battle_girl,1667.0
2025-08-25,Thombay,battle_legend,277.0
2025-08-25,Thombay,berry_master,10713.0
2025-08-25,Thombay,best_buddy,7.0
2025-08-25,Thombay,breeder,1316.0
2025-08-25,Thombay,bug,4798.0
2025-08-25,Thombay,cameraman,113.0
2025-08-25,Thombay,champion,183.0
2025-08-25,Thombay,collector,42183.0
2025-08-25,Thombay,community_member,1.0
2025-08-25,Thombay,dark,2300.0
2025-08-25,Thombay,distance_walked,6637.1
2025-08-25,Thombay,dragon,675.0
2025-08-25,Thombay,electric,2749.0
2025-08-25,Thombay,expert_navigator,46.0
2025-08-25,Thombay,fairy,1956.0
2025-08-25,Thombay,fighting,2248.0
2025-08-25,Thombay,fire,2417.0
2025-08-25,Thombay,fisher,67.0
2025-08-25,Thombay,flying,5886.0
2025-08-25,Thombay,galar,48.0
2025-08-25,Thombay,gentleman,513.0
2025-08-25,Thombay,ghost,1783.0
2025-08-25,Thombay,grass,3789.0
2025-08-25,Thombay,great_league_veteran,208.0
2025-08-25,Thombay,ground,2779.0
2025-08-25,Thombay,gym_leader,11745.0
2025-08-25,Thombay,hero,879.0
2025-08-25,Thombay,hisui,5.0
2025-08-25,Thombay,hoenn,132.0
2025-08-25,Thombay,ice,1464.0
2025-08-25,Thombay,idol,72.0
2025-08-25,Thombay,jogger,6637.0
2025-08-25,Thombay,johto,100.0
2025-08-25,Thombay,jumbo_pokemon_collector,123.0
2025-08-25,Thombay,kalos,63.0
2025-08-25,Thombay,kanto,151.0
2025-08-25,Thombay,life_of_a_party,259.0
2025-08-25,Thombay,master_league_veteran,169.0
2025-08-25,Thombay,mega_evolution_guru,20.0
2025-08-25,Thombay,normal,12354.0
2025-08-25,Thombay,paldea,44.0
2025-08-25,Thombay,picnicker,418.0
2025-08-25,Thombay,pikachu_fan,356.0
2025-08-25,Thombay,pilot,677216.0
2025-08-25,Thombay,poison,6099.0
2025-08-25,Thombay,pokemon_caught,42187.0
2025-08-25,Thombay,pokemon_ranger,889.0
2025-08-25,Thombay,pokestops_visited,32789.0
2025-08-25,Thombay,psychic,4960.0
2025-08-25,Thombay,purifier,411.0
2025-08-25,Thombay,raid_expert,261.0
2025-08-25,Thombay,rising_star,139.0
2025-08-25,Thombay,rising_star_duo,345.0
2025-08-25,Thombay,rock,2333.0
2025-08-25,Thombay,scientist,1633.0
2025-08-25,Thombay,showcase_star,3.0
2025-08-25,Thombay,sightseer,1840.0
2025-08-25,Thombay,sinnoh,100.0
2025-08-25,Thombay,steel,1563.0
2025-08-25,Thombay,successor,134.0
2025-08-25,Thombay,tiny_pokemon_collector,131.0
2025-08-25,Thombay,triathlete,83.0
2025-08-25,Thombay,ultra_hero,9.0
2025-08-25,Thombay,ultra_league_veteran,129.0
2025-08-25,Thombay,unova,154.0
2025-08-25,Thombay,unown,6.0
2025-08-25,Thombay,water,7050.0
2025-08-25,Thombay,wayfarer,6.0
2025-08-25,Thombay,youngster,100.0
2025-10-22,Thombay,ace_trainer,202.0
2025-10-22,Thombay,alola,63.0
2025-10-22,Thombay,backpacker,37345.0
2025-10-22,Thombay,battle_girl,1709.0
2025-10-22,Thombay,battle_legend,307.0
2025-10-22,Thombay,berry_master,12256.0
2025-10-22,Thombay,best_buddy,7.0
2025-10-22,Thombay,breeder,1389.0
2025-10-22,Thombay,bug,4798.0
2025-10-22,Thombay,cameraman,127.0
2025-10-22,Thombay,champion,200.0
2025-10-22,Thombay,collector,46917.0
2025-10-22,Thombay,community_member,2.0
2025-10-22,Thombay,dark,2548.0
2025-10-22,Thombay,distance_walked,6870.0
2025-10-22,Thombay,dragon,749.0
2025-10-22,Thombay,electric,3055.0
2025-10-22,Thombay,expert_navigator,51.0
2025-10-22,Thombay,fairy,2159.0
2025-10-22,Thombay,fighting,2434.0
2025-10-22,Thombay,fire,2682.0
2025-10-22,Thombay,fisher,87.0
2025-10-22,Thombay,flying,5886.0
2025-10-22,Thombay,galar,51.0
2025-10-22,Thombay,gentleman,553.0
2025-10-22,Thombay,ghost,2093.0
2025-10-22,Thombay,grass,3789.0
2025-10-22,Thombay,great_league_veteran,214.0
2025-10-22,Thombay,ground,3004.0
2025-10-22,Thombay,gym_leader,12966.0
2025-10-22,Thombay,hero,1022.0
2025-10-22,Thombay,hisui,6.0
2025-10-22,Thombay,hoenn,132.0
2025-10-22,Thombay,ice,1593.0
2025-10-22,Thombay,idol,72.0
2025-10-22,Thombay,jogger,6870.0
2025-10-22,Thombay,johto,100.0
2025-10-22,Thombay,jumbo_pokemon_collector,136.0
2025-10-22,Thombay,kalos,65.0
2025-10-22,Thombay,kanto,151.0
2025-10-22,Thombay,life_of_a_party,259.0
2025-10-22,Thombay,master_league_veteran,169.0
2025-10-22,Thombay,mega_evolution_guru,27.0
2025-10-22,Thombay,normal,12354.0
2025-10-22,Thombay,paldea,48.0
2025-10-22,Thombay,picnicker,489.0
2025-10-22,Thombay,pikachu_fan,359.0
2025-10-22,Thombay,pilot,693653.0
2025-10-22,Thombay,poison,6099.0
2025-10-22,Thombay,pokemon_caught,46922.0
2025-10-22,Thombay,pokemon_ranger,1046.0
2025-10-22,Thombay,pokestops_visited,37349.0
2025-10-22,Thombay,psychic,4960.0
2025-10-22,Thombay,purifier,503.0
2025-10-22,Thombay,raid_expert,308.0
2025-10-22,Thombay,rising_star,151.0
2025-10-22,Thombay,rising_star_duo,392.0
2025-10-22,Thombay,rock,2555.0
2025-10-22,Thombay,scientist,1706.0
2025-10-22,Thombay,showcase_star,3.0
2025-10-22,Thombay,sightseer,1930.0
2025-10-22,Thombay,sinnoh,100.0
2025-10-22,Thombay,steel,1817.0
2025-10-22,Thombay,successor,291.0
2025-10-22,Thombay,tiny_pokemon_collector,145.0
2025-10-22,Thombay,triathlete,94.0
2025-10-22,Thombay,ultra_hero,10.0
2025-10-22,Thombay,ultra_league_veteran,130.0
2025-10-22,Thombay,unova,155.0
2025-10-22,Thombay,unown,6.0
2025-10-22,Thombay,water,7050.0
2025-10-22,Thombay,wayfarer,6.0
2025-10-22,Thombay,youngster,107.0
2025-11-16,Thombay,ace_trainer,486.0
2025-11-16,Thombay,alola,64.0
2025-11-16,Thombay,backpacker,40404.0
2025-11-16,Thombay,battle_girl,1767.0
2025-11-16,Thombay,battle_legend,348.0
2025-11-16,Thombay,berry_master,13871.0
2025-11-16,Thombay,best_buddy,8.0
2025-11-16,Thombay,breeder,1559.0
2025-11-16,Thombay,bug,5083.0
2025-11-16,Thombay,cameraman,130.0
2025-11-16,Thombay,champion,211.0
2025-11-16,Thombay,collector,50695.0
2025-11-16,Thombay,community_member,4.0
2025-11-16,Thombay,dark,3397.0
2025-11-16,Thombay,distance_walked,7060.0
2025-11-16,Thombay,dragon,903.0
2025-11-16,Thombay,electric,3211.0
2025-11-16,Thombay,expert_navigator,52.0
2025-11-16,Thombay,fairy,2740.0
2025-11-16,Thombay,fighting,2567.0
2025-11-16,Thombay,fire,2852.0
2025-11-16,Thombay,fisher,88.0
2025-11-16,Thombay,flying,6378.0
2025-11-16,Thombay,galar,56.0
2025-11-16,Thombay,gentleman,605.0
2025-11-16,Thombay,ghost,2546.0
2025-11-16,Thombay,grass,4389.0
2025-11-16,Thombay,great_league_veteran,214.0
2025-11-16,Thombay,ground,3107.0
2025-11-16,Thombay,gym_leader,13448.0
2025-11-16,Thombay,hero,1063.0
2025-11-16,Thombay,hisui,6.0
2025-11-16,Thombay,hoenn,135.0
2025-11-16,Thombay,ice,1677.0
2025-11-16,Thombay,idol,74.0
2025-11-16,Thombay,jogger,7059.8
2025-11-16,Thombay,johto,100.0
2025-11-16,Thombay,jumbo_pokemon_collector,199.0
2025-11-16,Thombay,kalos,67.0
2025-11-16,Thombay,kanto,151.0
2025-11-16,Thombay,life_of_a_party,320.0
2025-11-16,Thombay,master_league_veteran,169.0
2025-11-16,Thombay,mega_evolution_guru,29.0
2025-11-16,Thombay,normal,13114.0
2025-11-16,Thombay,paldea,52.0
2025-11-16,Thombay,picnicker,945.0
2025-11-16,Thombay,pikachu_fan,406.0
2025-11-16,Thombay,pilot,702735.0
2025-11-16,Thombay,poison,6316.0
2025-11-16,Thombay,pokemon_caught,50695.0
2025-11-16,Thombay,pokemon_ranger,1164.0
2025-11-16,Thombay,pokestops_visited,40404.0
2025-11-16,Thombay,psychic,5397.0
2025-11-16,Thombay,purifier,503.0
2025-11-16,Thombay,raid_expert,360.0
2025-11-16,Thombay,rising_star,158.0
2025-11-16,Thombay,rising_star_duo,440.0
2025-11-16,Thombay,rock,2655.0
2025-11-16,Thombay,scientist,1732.0
2025-11-16,Thombay,showcase_star,4.0
2025-11-16,Thombay,sightseer,2065.0
2025-11-16,Thombay,sinnoh,104.0
2025-11-16,Thombay,steel,1904.0
2025-11-16,Thombay,successor,404.0
2025-11-16,Thombay,tiny_pokemon_collector,159.0
2025-11-16,Thombay,triathlete,98.0
2025-11-16,Thombay,ultra_hero,11.0
2025-11-16,Thombay,ultra_league_veteran,130.0
2025-11-16,Thombay,unova,155.0
2025-11-16,Thombay,unown,10.0
2025-11-16,Thombay,water,7340.0
2025-11-16,Thombay,wayfarer,6.0
2025-11-16,Thombay,youngster,118.0
2025-12-21,Thombay,ace_trainer,626.0
2025-12-21,Thombay,alola,64.0
2025-12-21,Thombay,backpacker,44694.0
2025-12-21,Thombay,battle_girl,1857.0
2025-12-21,Thombay,battle_legend,383.0
2025-12-21,Thombay,berry_master,15249.0
2025-12-21,Thombay,best_buddy,8.0
2025-12-21,Thombay,breeder,1663.0
2025-12-21,Thombay,bug,5390.0
2025-12-21,Thombay,cameraman,134.0
2025-12-21,Thombay,champion,219.0
2025-12-21,Thombay,collector,54125.0
2025-12-21,Thombay,community_member,4.0
2025-12-21,Thombay,dark,3624.0
2025-12-21,Thombay,distance_walked,7260.0
2025-12-21,Thombay,dragon,985.0
2025-12-21,Thombay,electric,3726.0
2025-12-21,Thombay,expert_navigator,55.0
2025-12-21,Thombay,fairy,2882.0
2025-12-21,Thombay,fighting,2983.0
2025-12-21,Thombay,fire,3028.0
2025-12-21,Thombay,fisher,88.0
2025-12-21,Thombay,flying,6761.0
2025-12-21,Thombay,galar,59.0
2025-12-21,Thombay,gentleman,625.0
2025-12-21,Thombay,ghost,2674.0
2025-12-21,Thombay,grass,4643.0
2025-12-21,Thombay,great_league_veteran,248.0
2025-12-21,Thombay,ground,3280.0
2025-12-21,Thombay,gym_leader,14044.0
2025-12-21,Thombay,hero,1119.0
2025-12-21,Thombay,hisui,6.0
2025-12-21,Thombay,hoenn,135.0
2025-12-21,Thombay,ice,1995.0
2025-12-21,Thombay,idol,81.0
2025-12-21,Thombay,jogger,7259.7
2025-12-21,Thombay,johto,100.0
2025-12-21,Thombay,jumbo_pokemon_collector,213.0
2025-12-21,Thombay,kalos,68.0
2025-12-21,Thombay,kanto,151.0
2025-12-21,Thombay,life_of_a_party,337.0
2025-12-21,Thombay,master_league_veteran,1001.0
2025-12-21,Thombay,mega_evolution_guru,32.0
2025-12-21,Thombay,normal,13735.0
2025-12-21,Thombay,paldea,55.0
2025-12-21,Thombay,picnicker,945.0
2025-12-21,Thombay,pikachu_fan,410.0
2025-12-21,Thombay,pilot,729742.0
2025-12-21,Thombay,poison,6571.0
2025-12-21,Thombay,pokemon_caught,54125.0
2025-12-21,Thombay,pokemon_ranger,1284.0
2025-12-21,Thombay,pokestops_visited,44694.0
2025-12-21,Thombay,psychic,5707.0
2025-12-21,Thombay,purifier,505.0
2025-12-21,Thombay,raid_expert,403.0
2025-12-21,Thombay,rising_star,162.0
2025-12-21,Thombay,rising_star_duo,481.0
2025-12-21,Thombay,rock,2863.0
2025-12-21,Thombay,scientist,1766.0
2025-12-21,Thombay,showcase_star,5.0
2025-12-21,Thombay,sightseer,2126.0
2025-12-21,Thombay,sinnoh,104.0
2025-12-21,Thombay,steel,2094.0
2025-12-21,Thombay,successor,628.0
2025-12-21,Thombay,tiny_pokemon_collector,170.0
2025-12-21,Thombay,triathlete,106.0
2025-12-21,Thombay,ultra_hero,11.0
2025-12-21,Thombay,ultra_league_veteran,670.0
2025-12-21,Thombay,unova,156.0
2025-12-21,Thombay,unown,10.0
2025-12-21,Thombay,water,7648.0
2025-12-21,Thombay,wayfarer,6.0
2025-12-21,Thombay,youngster,120.0
2025-12-21,Cerius,ace_trainer,17.0
2025-12-21,Cerius,alola,57.0
2025-12-21,Cerius,backpacker,8668.0
2025-12-21,Cerius,battle_girl,161.0
2025-12-21,Cerius,battle_legend,250.0
2025-12-21,Cerius,berry_master,93.0
2025-12-21,Cerius,best_buddy,3.0
2025-12-21,Cerius,breeder,424.0
2025-12-21,Cerius,bug,1581.0
2025-12-21,Cerius,cameraman,72.0
2025-12-21,Cerius,champion,121.0
2025-12-21,Cerius,collector,14320.0
2025-12-21,Cerius,community_member,0.0
2025-12-21,Cerius,dark,960.0
2025-12-21,Cerius,distance_walked,2302.0
2025-12-21,Cerius,dragon,444.0
2025-12-21,Cerius,electric,963.0
2025-12-21,Cerius,expert_navigator,46.0
2025-12-21,Cerius,fairy,789.0
2025-12-21,Cerius,fighting,941.0
2025-12-21,Cerius,fire,1009.0
2025-12-21,Cerius,fisher,17.0
2025-12-21,Cerius,flying,1595.0
2025-12-21,Cerius,galar,52.0
2025-12-21,Cerius,gentleman,416.0
2025-12-21,Cerius,ghost,655.0
2025-12-21,Cerius,grass,1408.0
2025-12-21,Cerius,great_league_veteran,13.0
2025-12-21,Cerius,ground,861.0
2025-12-21,Cerius,gym_leader,8656.0
2025-12-21,Cerius,hero,268.0
2025-12-21,Cerius,hisui,5.0
2025-12-21,Cerius,hoenn,128.0
2025-12-21,Cerius,ice,632.0
2025-12-21,Cerius,idol,15.0
2025-12-21,Cerius,jogger,2302.0
2025-12-21,Cerius,johto,95.0
2025-12-21,Cerius,jumbo_pokemon_collector,78.0
2025-12-21,Cerius,kalos,59.0
2025-12-21,Cerius,kanto,149.0
2025-12-21,Cerius,life_of_a_party,292.0
2025-12-21,Cerius,master_league_veteran,13.0
2025-12-21,Cerius,mega_evolution_guru,29.0
2025-12-21,Cerius,normal,2836.0
2025-12-21,Cerius,paldea,43.0
2025-12-21,Cerius,picnicker,345.0
2025-12-21,Cerius,pikachu_fan,71.0
2025-12-21,Cerius,pilot,426541.0
2025-12-21,Cerius,poison,1639.0
2025-12-21,Cerius,pokemon_caught,14320.0
2025-12-21,Cerius,pokemon_ranger,423.0
2025-12-21,Cerius,pokestops_visited,8668.0
2025-12-21,Cerius,psychic,1543.0
2025-12-21,Cerius,purifier,80.0
2025-12-21,Cerius,raid_expert,272.0
2025-12-21,Cerius,rising_star,140.0
2025-12-21,Cerius,rising_star_duo,354.0
2025-12-21,Cerius,rock,736.0
2025-12-21,Cerius,scientist,429.0
2025-12-21,Cerius,showcase_star,0.0
2025-12-21,Cerius,sightseer,880.0
2025-12-21,Cerius,sinnoh,88.0
2025-12-21,Cerius,steel,724.0
2025-12-21,Cerius,successor,89.0
2025-12-21,Cerius,tiny_pokemon_collector,70.0
2025-12-21,Cerius,triathlete,61.0
2025-12-21,Cerius,ultra_hero,3.0
2025-12-21,Cerius,ultra_league_veteran,18.0
2025-12-21,Cerius,unova,146.0
2025-12-21,Cerius,unown,5.0
2025-12-21,Cerius,water,1997.0
2025-12-21,Cerius,wayfarer,6.0
2025-12-21,Cerius,youngster,16.0
2025-12-21,Thomzay,ace_trainer,5.0
2025-12-21,Thomzay,alola,35.0
2025-12-21,Thomzay,backpacker,2344.0
2025-12-21,Thomzay,battle_girl,194.0
2025-12-21,Thomzay,battle_legend,108.0
2025-12-21,Thomzay,berry_master,92.0
2025-12-21,Thomzay,best_buddy,0.0
2025-12-21,Thomzay,breeder,71.0
2025-12-21,Thomzay,bug,235.0
2025-12-21,Thomzay,cameraman,15.0
2025-12-21,Thomzay,champion,42.0
2025-12-21,Thomzay,collector,3311.0
2025-12-21,Thomzay,dark,245.0
2025-12-21,Thomzay,distance_walked,207.0
2025-12-21,Thomzay,dragon,122.0
2025-12-21,Thomzay,electric,229.0
2025-12-21,Thomzay,expert_navigator,6.0
2025-12-21,Thomzay,fairy,210.0
2025-12-21,Thomzay,fighting,314.0
2025-12-21,Thomzay,fire,227.0
2025-12-21,Thomzay,fisher,6.0
2025-12-21,Thomzay,flying,347.0
2025-12-21,Thomzay,galar,38.0
2025-12-21,Thomzay,gentleman,50.0
2025-12-21,Thomzay,ghost,169.0
2025-12-21,Thomzay,grass,334.0
2025-12-21,Thomzay,great_league_veteran,5.0
2025-12-21,Thomzay,ground,190.0
2025-12-21,Thomzay,gym_leader,842.0
2025-12-21,Thomzay,hero,23.0
2025-12-21,Thomzay,hisui,2.0
2025-12-21,Thomzay,hoenn,84.0
2025-12-21,Thomzay,ice,270.0
2025-12-21,Thomzay,idol,2.0
2025-12-21,Thomzay,jogger,207.0
2025-12-21,Thomzay,johto,63.0
2025-12-21,Thomzay,jumbo_pokemon_collector,23.0
2025-12-21,Thomzay,kalos,42.0
2025-12-21,Thomzay,kanto,111.0
2025-12-21,Thomzay,life_of_a_party,75.0
2025-12-21,Thomzay,master_league_veteran,1.0
2025-12-21,Thomzay,mega_evolution_guru,13.0
2025-12-21,Thomzay,normal,554.0
2025-12-21,Thomzay,paldea,29.0
2025-12-21,Thomzay,picnicker,48.0
2025-12-21,Thomzay,pikachu_fan,1.0
2025-12-21,Thomzay,pilot,26171.0
2025-12-21,Thomzay,poison,276.0
2025-12-21,Thomzay,pokemon_caught,3311.0
2025-12-21,Thomzay,pokemon_ranger,112.0
2025-12-21,Thomzay,pokestops_visited,2344.0
2025-12-21,Thomzay,psychic,367.0
2025-12-21,Thomzay,purifier,1.0
2025-12-21,Thomzay,raid_expert,150.0
2025-12-21,Thomzay,rising_star,69.0
2025-12-21,Thomzay,rising_star_duo,146.0
2025-12-21,Thomzay,rock,209.0
2025-12-21,Thomzay,scientist,120.0
2025-12-21,Thomzay,sightseer,310.0
2025-12-21,Thomzay,sinnoh,52.0
2025-12-21,Thomzay,steel,250.0
2025-12-21,Thomzay,successor,49.0
2025-12-21,Thomzay,tiny_pokemon_collector,14.0
2025-12-21,Thomzay,triathlete,7.0
2025-12-21,Thomzay,ultra_league_veteran,1.0
2025-12-21,Thomzay,unova,88.0
2025-12-21,Thomzay,water,382.0
2025-12-21,Thomzay,youngster,7.0
2026-02-17,Thombay,ace_trainer,628.0
2026-02-17,Thombay,alola,67.0
2026-02-17,Thombay,backpacker,49997.0
2026-02-17,Thombay,battle_girl,1959.0
2026-02-17,Thombay,battle_legend,399.0
2026-02-17,Thombay,berry_master,15261.0
2026-02-17,Thombay,best_buddy,9.0
2026-02-17,Thombay,breeder,1870.0
2026-02-17,Thombay,bug,5828.0
2026-02-17,Thombay,cameraman,138.0
2026-02-17,Thombay,champion,232.0
2026-02-17,Thombay,collector,59340.0
2026-02-17,Thombay,community_member,4.0
2026-02-17,Thombay,dark,3841.0
2026-02-17,Thombay,dragon,1027.0
2026-02-17,Thombay,electric,4398.0
2026-02-17,Thombay,expert_navigator,56.0
2026-02-17,Thombay,fairy,3137.0
2026-02-17,Thombay,fighting,3277.0
2026-02-17,Thombay,fire,3372.0
2026-02-17,Thombay,fisher,96.0
2026-02-17,Thombay,flying,7415.0
2026-02-17,Thombay,galar,63.0
2026-02-17,Thombay,gentleman,640.0
2026-02-17,Thombay,ghost,2845.0
2026-02-17,Thombay,grass,5059.0
2026-02-17,Thombay,great_league_veteran,248.0
2026-02-17,Thombay,ground,3630.0
2026-02-17,Thombay,gym_leader,15296.0
2026-02-17,Thombay,hero,1187.0
2026-02-17,Thombay,hisui,6.0
2026-02-17,Thombay,hoenn,135.0
2026-02-17,Thombay,ice,2545.0
2026-02-17,Thombay,idol,91.0
2026-02-17,Thombay,jogger,7512.9
2026-02-17,Thombay,johto,100.0
2026-02-17,Thombay,jumbo_pokemon_collector,238.0
2026-02-17,Thombay,kalos,70.0
2026-02-17,Thombay,kanto,151.0
2026-02-17,Thombay,life_of_a_party,353.0
2026-02-17,Thombay,master_league_veteran,1001.0
2026-02-17,Thombay,mega_evolution_guru,35.0
2026-02-17,Thombay,normal,14869.0
2026-02-17,Thombay,paldea,62.0
2026-02-17,Thombay,picnicker,945.0
2026-02-17,Thombay,pikachu_fan,450.0
2026-02-17,Thombay,pilot,732731.0
2026-02-17,Thombay,poison,6960.0
2026-02-17,Thombay,pokemon_ranger,1436.0
2026-02-17,Thombay,psychic,6271.0
2026-02-17,Thombay,purifier,515.0
2026-02-17,Thombay,raid_expert,432.0
2026-02-17,Thombay,rising_star,172.0
2026-02-17,Thombay,rising_star_duo,506.0
2026-02-17,Thombay,rock,3162.0
2026-02-17,Thombay,scientist,1793.0
2026-02-17,Thombay,showcase_star,10.0
2026-02-17,Thombay,sightseer,2183.0
2026-02-17,Thombay,sinnoh,104.0
2026-02-17,Thombay,steel,2238.0
2026-02-17,Thombay,successor,974.0
2026-02-17,Thombay,tiny_pokemon_collector,200.0
2026-02-17,Thombay,triathlete,120.0
2026-02-17,Thombay,ultra_hero,12.0
2026-02-17,Thombay,ultra_league_veteran,670.0
2026-02-17,Thombay,unova,156.0
2026-02-17,Thombay,unown,10.0
2026-02-17,Thombay,water,8336.0
2026-02-17,Thombay,wayfarer,6.0
2026-02-17,Thombay,youngster,130.0
2026-02-17,Cerius,ace_trainer,17.0
2026-02-17,Cerius,alola,60.0
2026-02-17,Cerius,backpacker,13512.0
2026-02-17,Cerius,battle_girl,161.0
2026-02-17,Cerius,battle_legend,263.0
2026-02-17,Cerius,berry_master,100.0
2026-02-17,Cerius,best_buddy,4.0
2026-02-17,Cerius,breeder,521.0
2026-02-17,Cerius,bug,1956.0
2026-02-17,Cerius,cameraman,74.0
2026-02-17,Cerius,champion,125.0
2026-02-17,Cerius,collector,19075.0
2026-02-17,Cerius,community_member,0.0
2026-02-17,Cerius,dark,1194.0
2026-02-17,Cerius,dragon,467.0
2026-02-17,Cerius,electric,1520.0
2026-02-17,Cerius,expert_navigator,47.0
2026-02-17,Cerius,fairy,1018.0
2026-02-17,Cerius,fighting,1192.0
2026-02-17,Cerius,fire,1344.0
2026-02-17,Cerius,fisher,30.0
2026-02-17,Cerius,flying,2214.0
2026-02-17,Cerius,galar,56.0
2026-02-17,Cerius,gentleman,429.0
2026-02-17,Cerius,ghost,806.0
2026-02-17,Cerius,grass,1767.0
2026-02-17,Cerius,great_league_veteran,13.0
2026-02-17,Cerius,ground,1175.0
2026-02-17,Cerius,gym_leader,9811.0
2026-02-17,Cerius,hero,270.0
2026-02-17,Cerius,hisui,6.0
2026-02-17,Cerius,hoenn,129.0
2026-02-17,Cerius,ice,1114.0
2026-02-17,Cerius,idol,17.0
2026-02-17,Cerius,jogger,2445.0
2026-02-17,Cerius,johto,98.0
2026-02-17,Cerius,jumbo_pokemon_collector,102.0
2026-02-17,Cerius,kalos,62.0
2026-02-17,Cerius,kanto,149.0
2026-02-17,Cerius,life_of_a_party,305.0
2026-02-17,Cerius,master_league_veteran,13.0
2026-02-17,Cerius,mega_evolution_guru,30.0
2026-02-17,Cerius,normal,3911.0
2026-02-17,Cerius,paldea,53.0
2026-02-17,Cerius,picnicker,345.0
2026-02-17,Cerius,pikachu_fan,92.0
2026-02-17,Cerius,pilot,428875.0
2026-02-17,Cerius,poison,2023.0
2026-02-17,Cerius,pokemon_ranger,475.0
2026-02-17,Cerius,psychic,2028.0
2026-02-17,Cerius,purifier,80.0
2026-02-17,Cerius,raid_expert,289.0
2026-02-17,Cerius,rising_star,145.0
2026-02-17,Cerius,rising_star_duo,371.0
2026-02-17,Cerius,rock,977.0
2026-02-17,Cerius,scientist,446.0
2026-02-17,Cerius,showcase_star,0.0
2026-02-17,Cerius,sightseer,1221.0
2026-02-17,Cerius,sinnoh,90.0
2026-02-17,Cerius,steel,840.0
2026-02-17,Cerius,successor,102.0
2026-02-17,Cerius,tiny_pokemon_collector,88.0
2026-02-17,Cerius,triathlete,75.0
2026-02-17,Cerius,ultra_hero,3.0
2026-02-17,Cerius,ultra_league_veteran,18.0
2026-02-17,Cerius,unova,147.0
2026-02-17,Cerius,unown,5.0
2026-02-17,Cerius,water,2597.0
2026-02-17,Cerius,wayfarer,6.0
2026-02-17,Cerius,youngster,20.0
2026-02-17,Thomzay,ace_trainer,5.0
2026-02-17,Thomzay,alola,38.0
2026-02-17,Thomzay,backpacker,5552.0
2026-02-17,Thomzay,battle_girl,258.0
2026-02-17,Thomzay,battle_legend,118.0
2026-02-17,Thomzay,berry_master,100.0
2026-02-17,Thomzay,best_buddy,1.0
2026-02-17,Thomzay,breeder,140.0
2026-02-17,Thomzay,bug,484.0
2026-02-17,Thomzay,cameraman,18.0
2026-02-17,Thomzay,champion,46.0
2026-02-17,Thomzay,collector,6124.0
2026-02-17,Thomzay,community_member,0.0
2026-02-17,Thomzay,dark,395.0
2026-02-17,Thomzay,dragon,138.0
2026-02-17,Thomzay,electric,459.0
2026-02-17,Thomzay,expert_navigator,7.0
2026-02-17,Thomzay,fairy,336.0
2026-02-17,Thomzay,fighting,509.0
2026-02-17,Thomzay,fire,410.0
2026-02-17,Thomzay,fisher,14.0
2026-02-17,Thomzay,flying,661.0
2026-02-17,Thomzay,galar,44.0
2026-02-17,Thomzay,gentleman,51.0
2026-02-17,Thomzay,ghost,272.0
2026-02-17,Thomzay,grass,567.0
2026-02-17,Thomzay,great_league_veteran,5.0
2026-02-17,Thomzay,ground,420.0
2026-02-17,Thomzay,gym_leader,1398.0
2026-02-17,Thomzay,hero,25.0
2026-02-17,Thomzay,hisui,2.0
2026-02-17,Thomzay,hoenn,99.0
2026-02-17,Thomzay,ice,575.0
2026-02-17,Thomzay,idol,3.0
2026-02-17,Thomzay,jogger,324.0
2026-02-17,Thomzay,johto,73.0
2026-02-17,Thomzay,jumbo_pokemon_collector,37.0
2026-02-17,Thomzay,kalos,45.0
2026-02-17,Thomzay,kanto,131.0
2026-02-17,Thomzay,life_of_a_party,87.0
2026-02-17,Thomzay,master_league_veteran,1.0
2026-02-17,Thomzay,mega_evolution_guru,15.0
2026-02-17,Thomzay,normal,1194.0
2026-02-17,Thomzay,paldea,43.0
2026-02-17,Thomzay,picnicker,48.0
2026-02-17,Thomzay,pikachu_fan,15.0
2026-02-17,Thomzay,pilot,26263.0
2026-02-17,Thomzay,poison,502.0
2026-02-17,Thomzay,pokemon_ranger,152.0
2026-02-17,Thomzay,psychic,663.0
2026-02-17,Thomzay,purifier,1.0
2026-02-17,Thomzay,raid_expert,164.0
2026-02-17,Thomzay,rising_star,74.0
2026-02-17,Thomzay,rising_star_duo,160.0
2026-02-17,Thomzay,rock,364.0
2026-02-17,Thomzay,scientist,175.0
2026-02-17,Thomzay,showcase_star,1.0
2026-02-17,Thomzay,sightseer,609.0
2026-02-17,Thomzay,sinnoh,61.0
2026-02-17,Thomzay,steel,318.0
2026-02-17,Thomzay,successor,61.0
2026-02-17,Thomzay,tiny_pokemon_collector,27.0
2026-02-17,Thomzay,triathlete,17.0
2026-02-17,Thomzay,ultra_hero,0.0
2026-02-17,Thomzay,ultra_league_veteran,1.0
2026-02-17,Thomzay,unova,103.0
2026-02-17,Thomzay,unown,0.0
2026-02-17,Thomzay,water,770.0
2026-02-17,Thomzay,wayfarer,0.0
2026-02-17,Thomzay,youngster,11.0
