dex_number,name,german_name,region,type_1,type_2,available_in_pogo,location_restriction,last_event,last_event_date,extra_info
1,Bulbasaur,Bisasam,kanto,grass,poison,yes,,Community Day 60,2022-12-17,
2,Ivysaur,Bisaknosp,kanto,grass,poison,yes,,,,
3,Venusaur,Bisaflor,kanto,grass,poison,yes,,,,
4,Charmander,Glumanda,kanto,fire,,yes,,Community Day 72,2023-12-16,
5,Charmeleon,Glutexo,kanto,fire,,yes,,,,
6,Charizard,Glurak,kanto,fire,flying,yes,,,,
7,Squirtle,Schiggy,kanto,water,,yes,,Community Day 72,2023-12-16,
8,Wartortle,Schillok,kanto,water,,yes,,,,
9,Blastoise,Turtok,kanto,water,,yes,,,,
10,Caterpie,Raupy,kanto,bug,,yes,,,,
11,Metapod,Safcon,kanto,bug,,yes,,,,
12,Butterfree,Smettbo,kanto,bug,flying,yes,,,,
13,Weedle,Hornliu,kanto,bug,poison,yes,,Community Day 36,2020-12-12,
14,Kakuna,Kokuna,kanto,bug,poison,yes,,,,
15,Beedrill,Bibor,kanto,bug,poison,yes,,,,
16,Pidgey,Taubsi,kanto,normal,flying,yes,,,,
17,Pidgeotto,Tauboga,kanto,normal,flying,yes,,,,
18,Pidgeot,Tauboss,kanto,normal,flying,yes,,,,
19,Rattata,Rattfratz,kanto,normal,,yes,,,,
20,Raticate,Rattikarl,kanto,normal,,yes,,,,
21,Spearow,Habitak,kanto,normal,flying,yes,,,,
22,Fearow,Ibitak,kanto,normal,flying,yes,,,,
23,Ekans,Rettan,kanto,poison,,yes,,,,
24,Arbok,Arbok,kanto,poison,,yes,,,,
25,Pikachu,Pikachu,kanto,electric,,yes,,Community Day 12,2018-11-30,
26,Raichu,Raichu,kanto,electric,,yes,,,,
27,Sandshrew,Sandan,kanto,ground,,yes,,Community Day 60,2022-12-17,
28,Sandslash,Sandamer,kanto,ground,,yes,,,,
29,Nidoran♀,Nidoran♀,kanto,poison,,yes,,,,
30,Nidorina,Nidorina,kanto,poison,,yes,,,,
31,Nidoqueen,Nidoqueen,kanto,poison,ground,yes,,,,
32,Nidoran♂,Nidoran♂,kanto,poison,,yes,,,,
33,Nidorino,Nidorino,kanto,poison,,yes,,,,
34,Nidoking,Nidoking,kanto,poison,ground,yes,,,,
35,Clefairy,Piepi,kanto,fairy,,yes,,,,
36,Clefable,Pixi,kanto,fairy,,yes,,,,
37,Vulpix,Vulpix,kanto,fire,,yes,,,,
38,Ninetales,Vulnona,kanto,fire,,yes,,,,
39,Jigglypuff,Pummeluff,kanto,normal,fairy,yes,,,,
40,Wigglytuff,Knuddeluff,kanto,normal,fairy,yes,,,,
41,Zubat,Zubat,kanto,poison,flying,yes,,,,
42,Golbat,Golbat,kanto,poison,flying,yes,,,,
43,Oddish,Myrapla,kanto,grass,poison,yes,,,,
44,Gloom,Duflor,kanto,grass,poison,yes,,,,
45,Vileplume,Giflor,kanto,grass,poison,yes,,,,
46,Paras,Paras,kanto,bug,grass,yes,,,,
47,Parasect,Parasek,kanto,bug,grass,yes,,,,
48,Venonat,Bluzuk,kanto,bug,poison,yes,,,,
49,Venomoth,Omot,kanto,bug,poison,yes,,,,
50,Diglett,Digda,kanto,ground,,yes,,,,
51,Dugtrio,Digdri,kanto,ground,,yes,,,,
52,Meowth,Mauzi,kanto,normal,,yes,,,,
53,Persian,Snobilikat,kanto,normal,,yes,,,,
54,Psyduck,Enton,kanto,water,,yes,,,,
55,Golduck,Entoron,kanto,water,,yes,,,,
56,Mankey,Menki,kanto,fighting,,yes,,,,
57,Primeape,Rasaff,kanto,fighting,,yes,,,,
58,Growlithe,Fukano,kanto,fire,,yes,,,,
59,Arcanine,Arkani,kanto,fire,,yes,,,,
60,Poliwag,Quapsel,kanto,water,,yes,,Community Day 72,2023-12-16,
61,Poliwhirl,Quaputzi,kanto,water,,yes,,,,
62,Poliwrath,Quappo,kanto,water,fighting,yes,,,,
63,Abra,Abra,kanto,psychic,,yes,,Community Day 36,2020-12-12,
64,Kadabra,Kadabra,kanto,psychic,,yes,,,,
65,Alakazam,Simsala,kanto,psychic,,yes,,,,
66,Machop,Machollo,kanto,fighting,,yes,,Community Day 48,2021-12-18,
67,Machoke,Maschock,kanto,fighting,,yes,,,,
68,Machamp,Machomei,kanto,fighting,,yes,,,,
69,Bellsprout,Knofensa,kanto,grass,poison,yes,,Community Day 76,2024-04-20,
70,Weepinbell,Ultrigaria,kanto,grass,poison,yes,,,,
71,Victreebel,Sarzenia,kanto,grass,poison,yes,,,,
72,Tentacool,Tentacha,kanto,water,poison,yes,,,,
73,Tentacruel,Tentoxa,kanto,water,poison,yes,,,,
74,Geodude,Kleinstein,kanto,rock,ground,yes,,,,
75,Graveler,Georok,kanto,rock,ground,yes,,,,
76,Golem,Geowaz,kanto,rock,ground,yes,,,,
77,Ponyta,Ponita,kanto,fire,,yes,,,,
78,Rapidash,Gallopa,kanto,fire,,yes,,,,
79,Slowpoke,Flegmon,kanto,water,psychic,yes,,Community Day 72,2023-12-16,
80,Slowbro,Lahmus,kanto,water,psychic,yes,,,,
81,Magnemite,Magnetilo,kanto,electric,steel,yes,,,,
82,Magneton,Magneton,kanto,electric,steel,yes,,,,
83,Farfetch’d,Porenta,kanto,normal,flying,yes,East Asia,,,
84,Doduo,Dodu,kanto,normal,flying,yes,,,,
85,Dodrio,Dodri,kanto,normal,flying,yes,,,,
86,Seel,Jurob,kanto,water,,yes,,,,
87,Dewgong,Jugong,kanto,water,ice,yes,,,,
88,Grimer,Sleima,kanto,poison,,yes,,,,
89,Muk,Sleimok,kanto,poison,,yes,,,,
90,Shellder,Muschas,kanto,water,,yes,,,,
91,Cloyster,Austos,kanto,water,ice,yes,,,,
92,Gastly,Nebulak,kanto,ghost,poison,yes,,Community Day 36,2020-12-12,
93,Haunter,Alpollo,kanto,ghost,poison,yes,,,,
94,Gengar,Gengar,kanto,ghost,poison,yes,,,,
95,Onix,Onix,kanto,rock,ground,yes,,,,
96,Drowzee,Traumato,kanto,psychic,,yes,,,,
97,Hypno,Hypno,kanto,psychic,,yes,,,,
98,Krabby,Krabby,kanto,water,,yes,,,,
99,Kingler,Kingler,kanto,water,,yes,,,,
100,Voltorb,Voltobal,kanto,electric,,yes,,,,
101,Electrode,Lektrobal,kanto,electric,,yes,,,,
102,Exeggcute,Owei,kanto,grass,psychic,yes,,,,
103,Exeggutor,Kokowei,kanto,grass,psychic,yes,,,,
104,Cubone,Tragosso,kanto,ground,,yes,,,,
105,Marowak,Knogga,kanto,ground,,yes,,,,
106,Hitmonlee,Kicklee,kanto,fighting,,yes,,,,
107,Hitmonchan,Nockchan,kanto,fighting,,yes,,,,
108,Lickitung,Schlurp,kanto,normal,,yes,,,,
109,Koffing,Smogon,kanto,poison,,yes,,,,
110,Weezing,Smogmog,kanto,poison,,yes,,,,
111,Rhyhorn,Rihorn,kanto,ground,rock,yes,,Community Day 36,2020-12-12,
112,Rhydon,Rizeros,kanto,ground,rock,yes,,,,
113,Chansey,Chaneira,kanto,normal,,yes,,Community Day 74,2024-02-04,
114,Tangela,Tangela,kanto,grass,,yes,,,,
115,Kangaskhan,Kangama,kanto,normal,,yes,Australia,,,
116,Horsea,Seeper,kanto,water,,yes,,,,
117,Seadra,Seemon,kanto,water,,yes,,,,
118,Goldeen,Goldini,kanto,water,,yes,,,,
119,Seaking,Golking,kanto,water,,yes,,,,
120,Staryu,Sterndu,kanto,water,,yes,,,,
121,Starmie,Starmie,kanto,water,psychic,yes,,,,
122,Mr. Mime,Pantimos,kanto,psychic,fairy,yes,Europe,,,
123,Scyther,Sichlor,kanto,bug,flying,yes,,,,
124,Jynx,Rossana,kanto,ice,psychic,yes,,,,
125,Electabuzz,Elektek,kanto,electric,,yes,,Community Day 36,2020-12-12,
126,Magmar,Magmar,kanto,fire,,yes,,Community Day 36,2020-12-12,
127,Pinsir,Pinsir,kanto,bug,,yes,,,,
128,Tauros,Tauros,kanto,normal,,yes,Americas,,,
129,Magikarp,Karpador,kanto,water,,yes,,Community Day 36,2020-12-12,
130,Gyarados,Garados,kanto,water,flying,yes,,,,
131,Lapras,Lapras,kanto,water,ice,yes,,,,
132,Ditto,Ditto,kanto,normal,,yes,,,,
133,Eevee,Evoli,kanto,normal,,yes,,Community Day 48,2021-12-18,
134,Vaporeon,Aquana,kanto,water,,yes,,,,
135,Jolteon,Blitza,kanto,electric,,yes,,,,
136,Flareon,Flamara,kanto,fire,,yes,,,,
137,Porygon,Porygon,kanto,normal,,yes,,Community Day 36,2020-12-12,
138,Omanyte,Amonitas,kanto,rock,water,yes,,,,
139,Omastar,Amoroso,kanto,rock,water,yes,,,,
140,Kabuto,Kabuto,kanto,rock,water,yes,,,,
141,Kabutops,Kabutops,kanto,rock,water,yes,,,,
142,Aerodactyl,Aerodactyl,kanto,rock,flying,yes,,,,
143,Snorlax,Relaxo,kanto,normal,,yes,,,,
144,Articuno,Arktos,kanto,ice,flying,yes,,,,
145,Zapdos,Zapdos,kanto,electric,flying,yes,,,,
146,Moltres,Lavados,kanto,fire,flying,yes,,,,
147,Dratini,Dratini,kanto,dragon,,yes,,Community Day 60,2022-12-17,
148,Dragonair,Dragonir,kanto,dragon,,yes,,,,
149,Dragonite,Dragoran,kanto,dragon,flying,yes,,,,
150,Mewtwo,Mewtu,kanto,psychic,,yes,,,,
151,Mew,Mew,kanto,psychic,,yes,,,,
152,Chikorita,Endivie,johto,grass,,yes,,Community Day 12,2018-11-30,
153,Bayleef,Lorblatt,johto,grass,,yes,,,,
154,Meganium,Meganie,johto,grass,,yes,,,,
155,Cyndaquil,Feurigel,johto,fire,,yes,,Community Day 12,2018-11-30,
156,Quilava,Igelavar,johto,fire,,yes,,,,
157,Typhlosion,Tornupto,johto,fire,,yes,,,,
158,Totodile,Karnimani,johto,water,,yes,,Community Day 24,2019-12-14,
159,Croconaw,Tyracroc,johto,water,,yes,,,,
160,Feraligatr,Impergator,johto,water,,yes,,,,
161,Sentret,Wiesor,johto,normal,,yes,,,,
162,Furret,Wiesenior,johto,normal,,yes,,,,
163,Hoothoot,Hoothoot,johto,normal,flying,yes,,,,
164,Noctowl,Noctuh,johto,normal,flying,yes,,,,
165,Ledyba,Ledyba,johto,bug,flying,yes,,,,
166,Ledian,Ledian,johto,bug,flying,yes,,,,
167,Spinarak,Webarak,johto,bug,poison,yes,,,,
168,Ariados,Ariados,johto,bug,poison,yes,,,,
169,Crobat,Iksbat,johto,poison,flying,yes,,,,
170,Chinchou,Lampi,johto,water,electric,yes,,,,
171,Lanturn,Lanturn,johto,water,electric,yes,,,,
172,Pichu,Pichu,johto,electric,,yes,,,,
173,Cleffa,Pii,johto,fairy,,yes,,,,
174,Igglybuff,Fluffeluff,johto,normal,fairy,yes,,,,
175,Togepi,Togepi,johto,fairy,,yes,,,,
176,Togetic,Togetic,johto,fairy,flying,yes,,Community Day 72,2023-12-16,
177,Natu,Natu,johto,psychic,flying,yes,,,,
178,Xatu,Xatu,johto,psychic,flying,yes,,,,
179,Mareep,Voltilamm,johto,electric,,yes,,Community Day 72,2023-12-16,
180,Flaaffy,Waaty,johto,electric,,yes,,,,
181,Ampharos,Ampharos,johto,electric,,yes,,,,
182,Bellossom,Blubella,johto,grass,,yes,,,,
183,Marill,Marill,johto,water,fairy,yes,,,,
184,Azumarill,Azumarill,johto,water,fairy,yes,,,,
185,Sudowoodo,Mogelbaum,johto,rock,,yes,,,,
186,Politoed,Quaxo,johto,water,,yes,,,,
187,Hoppip,Hoppspross,johto,grass,flying,yes,,Community Day 60,2022-12-17,
188,Skiploom,Hubelupf,johto,grass,flying,yes,,,,
189,Jumpluff,Papungha,johto,grass,flying,yes,,,,
190,Aipom,Griffel,johto,normal,,yes,,,,
191,Sunkern,Sonnkern,johto,grass,,yes,,,,
192,Sunflora,Sonnflora,johto,grass,,yes,,,,
193,Yanma,Yanma,johto,bug,flying,yes,,,,
194,Wooper,Felino,johto,water,ground,yes,,Community Day 72,2023-12-16,
195,Quagsire,Morlord,johto,water,ground,yes,,,,
196,Espeon,Psiana,johto,psychic,,yes,,,,
197,Umbreon,Nachtara,johto,dark,,yes,,,,
198,Murkrow,Kramurx,johto,dark,flying,yes,,,,
199,Slowking,Laschoking,johto,water,psychic,yes,,,,
200,Misdreavus,Traunfugil,johto,ghost,,yes,,,,
201,Unown,Icognito,johto,psychic,,yes,,,,
202,Wobbuffet,Woingenau,johto,psychic,,yes,,,,
203,Girafarig,Girafarig,johto,normal,psychic,yes,,,,
204,Pineco,Tannza,johto,bug,,yes,,,,
205,Forretress,Forstellka,johto,bug,steel,yes,,,,
206,Dunsparce,Dummisel,johto,normal,,yes,,,,
207,Gligar,Skorgla,johto,ground,flying,yes,,,,
208,Steelix,Stahlos,johto,steel,ground,yes,,,,
209,Snubbull,Snubbull,johto,fairy,,yes,,,,
210,Granbull,Granbull,johto,fairy,,yes,,,,
211,Qwilfish,Baldorfish,johto,water,poison,yes,,,,
212,Scizor,Scherox,johto,bug,steel,yes,,,,
213,Shuckle,Pottrott,johto,bug,rock,yes,,,,
214,Heracross,Skaraborn,johto,bug,fighting,yes,Latin America,,,
215,Sneasel,Sniebel,johto,dark,ice,yes,,,,
216,Teddiursa,Teddiursa,johto,normal,,yes,,Community Day 60,2022-12-17,
217,Ursaring,Ursaring,johto,normal,,yes,,,,
218,Slugma,Schneckmag,johto,fire,,yes,,,,
219,Magcargo,Magcargo,johto,fire,rock,yes,,,,
220,Swinub,Quiekel,johto,ice,ground,yes,,Community Day 72,2023-12-16,
221,Piloswine,Keifel,johto,ice,ground,yes,,,,
222,Corsola,Corasonn,johto,water,rock,yes,Tropics,,,
223,Remoraid,Remoraid,johto,water,,yes,,,,
224,Octillery,Octillery,johto,water,,yes,,,,
225,Delibird,Botogel,johto,ice,flying,yes,,,,
226,Mantine,Mantax,johto,water,flying,yes,,,,
227,Skarmory,Panzaeron,johto,steel,flying,yes,,,,
228,Houndour,Hunduster,johto,dark,fire,yes,,,,
229,Houndoom,Hundemon,johto,dark,fire,yes,,,,
230,Kingdra,Seedraking,johto,water,dragon,yes,,,,
231,Phanpy,Phanpy,johto,ground,,yes,,,,
232,Donphan,Donphan,johto,ground,,yes,,,,
233,Porygon2,Porygon2,johto,normal,,yes,,,,
234,Stantler,Damhirplex,johto,normal,,yes,,,,
235,Smeargle,Farbeagle,johto,normal,,yes,,,,
236,Tyrogue,Rabauz,johto,fighting,,yes,,,,
237,Hitmontop,Kapoera,johto,fighting,,yes,,,,
238,Smoochum,Kussilla,johto,ice,psychic,yes,,,,
239,Elekid,Elekid,johto,electric,,yes,,,,
240,Magby,Magby,johto,fire,,yes,,,,
241,Miltank,Miltank,johto,normal,,yes,,,,
242,Blissey,Heiteira,johto,normal,,yes,,,,
243,Raikou,Raikou,johto,electric,,yes,,,,
244,Entei,Entei,johto,fire,,yes,,,,
245,Suicune,Suicune,johto,water,,yes,,,,
246,Larvitar,Larvitar,johto,rock,ground,yes,,Community Day 72,2023-12-16,
247,Pupitar,Pupitar,johto,rock,ground,yes,,,,
248,Tyranitar,Despotar,johto,rock,dark,yes,,,,
249,Lugia,Lugia,johto,psychic,flying,yes,,,,
250,Ho-Oh,Ho-Oh,johto,fire,flying,yes,,,,
251,Celebi,Celebi,johto,psychic,grass,yes,,,,
252,Treecko,Geckarbor,hoenn,grass,,yes,,Community Day 24,2019-12-14,
253,Grovyle,Reptain,hoenn,grass,,yes,,,,
254,Sceptile,Gewaldro,hoenn,grass,,yes,,,,
255,Torchic,Flemmli,hoenn,fire,,yes,,Community Day 24,2019-12-14,
256,Combusken,Jungglut,hoenn,fire,fighting,yes,,,,
257,Blaziken,Lohgock,hoenn,fire,fighting,yes,,,,
258,Mudkip,Hydropi,hoenn,water,,yes,,Community Day 60,2022-12-17,
259,Marshtomp,Moorabbel,hoenn,water,ground,yes,,,,
260,Swampert,Sumpex,hoenn,water,ground,yes,,,,
261,Poochyena,Fiffyen,hoenn,dark,,yes,,,,
262,Mightyena,Magnayen,hoenn,dark,,yes,,,,
263,Zigzagoon,Zigzachs,hoenn,normal,,yes,,,,
264,Linoone,Geradaks,hoenn,normal,,yes,,,,
265,Wurmple,Waumpel,hoenn,bug,,yes,,,,
266,Silcoon,Schaloko,hoenn,bug,,yes,,,,
267,Beautifly,Papinella,hoenn,bug,flying,yes,,,,
268,Cascoon,Panekon,hoenn,bug,,yes,,,,
269,Dustox,Pudox,hoenn,bug,poison,yes,,,,
270,Lotad,Loturzel,hoenn,water,grass,yes,,,,
271,Lombre,Lombrero,hoenn,water,grass,yes,,,,
272,Ludicolo,Kappalores,hoenn,water,grass,yes,,,,
273,Seedot,Samurzel,hoenn,grass,,yes,,Community Day 36,2020-12-12,
274,Nuzleaf,Blanas,hoenn,grass,dark,yes,,,,
275,Shiftry,Tengulist,hoenn,grass,dark,yes,,,,
276,Taillow,Schwalbini,hoenn,normal,flying,yes,,,,
277,Swellow,Schwalboss,hoenn,normal,flying,yes,,,,
278,Wingull,Wingull,hoenn,water,flying,yes,,,,
279,Pelipper,Pelipper,hoenn,water,flying,yes,,,,
280,Ralts,Trasla,hoenn,psychic,fairy,yes,,Community Day 24,2019-12-14,
281,Kirlia,Kirlia,hoenn,psychic,fairy,yes,,,,
282,Gardevoir,Guardevoir,hoenn,psychic,fairy,yes,,,,
283,Surskit,Gehweiher,hoenn,bug,water,yes,,,,
284,Masquerain,Maskeregen,hoenn,bug,flying,yes,,,,
285,Shroomish,Knilz,hoenn,grass,,yes,,,,
286,Breloom,Kapilz,hoenn,grass,fighting,yes,,,,
287,Slakoth,Bummelz,hoenn,normal,,yes,,Community Day 24,2019-12-14,
288,Vigoroth,Muntier,hoenn,normal,,yes,,,,
289,Slaking,Letarking,hoenn,normal,,yes,,,,
290,Nincada,Nincada,hoenn,bug,ground,yes,,,,
291,Ninjask,Ninjask,hoenn,bug,flying,yes,,,,
292,Shedinja,Ninjatom,hoenn,bug,ghost,yes,,,,
293,Whismur,Flurmel,hoenn,normal,,yes,,,,
294,Loudred,Krakeelo,hoenn,normal,,yes,,,,
295,Exploud,Krawumms,hoenn,normal,,yes,,,,
296,Makuhita,Makuhita,hoenn,fighting,,yes,,,,
297,Hariyama,Hariyama,hoenn,fighting,,yes,,,,
298,Azurill,Azurill,hoenn,normal,fairy,yes,,,,
299,Nosepass,Nasgnet,hoenn,rock,,yes,,,,
300,Skitty,Eneco,hoenn,normal,,yes,,,,
301,Delcatty,Enekoro,hoenn,normal,,yes,,,,
302,Sableye,Zobiris,hoenn,dark,ghost,yes,,,,
303,Mawile,Flunkifer,hoenn,steel,fairy,yes,,,,
304,Aron,Stollunior,hoenn,steel,rock,yes,,,,
305,Lairon,Stollrak,hoenn,steel,rock,yes,,,,
306,Aggron,Stolloss,hoenn,steel,rock,yes,,,,
307,Meditite,Meditie,hoenn,fighting,psychic,yes,,,,
308,Medicham,Meditalis,hoenn,fighting,psychic,yes,,,,
309,Electrike,Frizelbliz,hoenn,electric,,yes,,,,
310,Manectric,Voltenso,hoenn,electric,,yes,,,,
311,Plusle,Plusle,hoenn,electric,,yes,,,,
312,Minun,Minun,hoenn,electric,,yes,,,,
313,Volbeat,Volbeat,hoenn,bug,,yes,"Europe, Asia, Australia",,,
314,Illumise,Illumise,hoenn,bug,,yes,Americas,,,
315,Roselia,Roselia,hoenn,grass,poison,yes,,Community Day 48,2021-12-18,
316,Gulpin,Schluppuck,hoenn,poison,,yes,,,,
317,Swalot,Schlukwech,hoenn,poison,,yes,,,,
318,Carvanha,Kanivanha,hoenn,water,dark,yes,,,,
319,Sharpedo,Tohaido,hoenn,water,dark,yes,,,,
320,Wailmer,Wailmer,hoenn,water,,yes,,,,
321,Wailord,Wailord,hoenn,water,,yes,,,,
322,Numel,Camaub,hoenn,fire,ground,yes,,,,
323,Camerupt,Camerupt,hoenn,fire,ground,yes,,,,
324,Torkoal,Qurtel,hoenn,fire,,yes,South Asia / Africa,,,
325,Spoink,Spoink,hoenn,psychic,,yes,,,,
326,Grumpig,Groink,hoenn,psychic,,yes,,,,
327,Spinda,Pandir,hoenn,normal,,yes,,,,
328,Trapinch,Knacklion,hoenn,ground,,yes,,Community Day 24,2019-12-14,
329,Vibrava,Vibrava,hoenn,ground,dragon,yes,,,,
330,Flygon,Libelldra,hoenn,ground,dragon,yes,,,,
331,Cacnea,Tuska,hoenn,grass,,yes,,,,
332,Cacturne,Noktuska,hoenn,grass,dark,yes,,,,
333,Swablu,Wablu,hoenn,normal,flying,yes,,Community Day 48,2021-12-18,
334,Altaria,Altaria,hoenn,dragon,flying,yes,,,,
335,Zangoose,Sengo,hoenn,normal,,yes,"Europe, Asia, Australia",,,
336,Seviper,Vipitis,hoenn,poison,,yes,Americas,,,
337,Lunatone,Lunastein,hoenn,rock,psychic,yes,Americas,,,
338,Solrock,Sonnfel,hoenn,rock,psychic,yes,"Europe, Asia, Australia",,,
339,Barboach,Schmerbe,hoenn,water,ground,yes,,,,
340,Whiscash,Welsar,hoenn,water,ground,yes,,,,
341,Corphish,Krebscorps,hoenn,water,,yes,,,,
342,Crawdaunt,Krebutack,hoenn,water,dark,yes,,,,
343,Baltoy,Puppance,hoenn,ground,psychic,yes,,,,
344,Claydol,Lepumentas,hoenn,ground,psychic,yes,,,,
345,Lileep,Liliep,hoenn,rock,grass,yes,,,,
346,Cradily,Wielie,hoenn,rock,grass,yes,,,,
347,Anorith,Anorith,hoenn,rock,bug,yes,,,,
348,Armaldo,Armaldo,hoenn,rock,bug,yes,,,,
349,Feebas,Barschwa,hoenn,water,,yes,,,,
350,Milotic,Milotic,hoenn,water,,yes,,,,
351,Castform,Formeo,hoenn,normal,,yes,,,,
352,Kecleon,Kecleon,hoenn,normal,,yes,,,,
353,Shuppet,Shuppet,hoenn,ghost,,yes,,,,
354,Banette,Banette,hoenn,ghost,,yes,,,,
355,Duskull,Zwirrlicht,hoenn,ghost,,yes,,Community Day 48,2021-12-18,
356,Dusclops,Zwirrklop,hoenn,ghost,,yes,,,,
357,Tropius,Tropius,hoenn,grass,flying,yes,Africa / Mediterranean,,,
358,Chimecho,Palimpalim,hoenn,psychic,,yes,,,,
359,Absol,Absol,hoenn,dark,,yes,,,,
360,Wynaut,Isso,hoenn,psychic,,yes,,,,
361,Snorunt,Schneppke,hoenn,ice,,yes,,,,
362,Glalie,Firnontor,hoenn,ice,,yes,,,,
363,Spheal,Seemops,hoenn,ice,water,yes,,Community Day 60,2022-12-17,
364,Sealeo,Seejong,hoenn,ice,water,yes,,,,
365,Walrein,Walraisa,hoenn,ice,water,yes,,,,
366,Clamperl,Perlu,hoenn,water,,yes,,,,
367,Huntail,Aalabyss,hoenn,water,,yes,,,,
368,Gorebyss,Saganabyss,hoenn,water,,yes,,,,
369,Relicanth,Relicanth,hoenn,water,rock,yes,New Zealand / Oceania,,,
370,Luvdisc,Liebiskus,hoenn,water,,yes,,,,
371,Bagon,Kindwurm,hoenn,dragon,,yes,,Community Day 24,2019-12-14,
372,Shelgon,Draschel,hoenn,dragon,,yes,,,,
373,Salamence,Brutalanda,hoenn,dragon,flying,yes,,,,
374,Beldum,Tanhel,hoenn,steel,psychic,yes,,Community Day 12,2018-11-30,
375,Metang,Metang,hoenn,steel,psychic,yes,,,,
376,Metagross,Metagross,hoenn,steel,psychic,yes,,,,
377,Regirock,Regirock,hoenn,rock,,yes,,,,
378,Regice,Regice,hoenn,ice,,yes,,,,
379,Registeel,Registeel,hoenn,steel,,yes,,,,
380,Latias,Latias,hoenn,dragon,psychic,yes,,,,
381,Latios,Latios,hoenn,dragon,psychic,yes,,,,
382,Kyogre,Kyogre,hoenn,water,,yes,,,,
383,Groudon,Groudon,hoenn,ground,,yes,,,,
384,Rayquaza,Rayquaza,hoenn,dragon,flying,yes,,,,
385,Jirachi,Jirachi,hoenn,steel,psychic,yes,,,,
386,Deoxys,Deoxys,hoenn,psychic,,yes,,,,
387,Turtwig,Chelast,sinnoh,grass,,yes,,Community Day 24,2019-12-14,
388,Grotle,Chelcarain,sinnoh,grass,,yes,,,,
389,Torterra,Chelterrar,sinnoh,grass,ground,yes,,,,
390,Chimchar,Panflam,sinnoh,fire,,yes,,Community Day 24,2019-12-14,
391,Monferno,Panpyro,sinnoh,fire,fighting,yes,,,,
392,Infernape,Panferno,sinnoh,fire,fighting,yes,,,,
393,Piplup,Plinfa,sinnoh,water,,yes,,Community Day 36,2020-12-12,
394,Prinplup,Pliprin,sinnoh,water,,yes,,,,
395,Empoleon,Impoleon,sinnoh,water,steel,yes,,,,
396,Starly,Staralili,sinnoh,normal,flying,yes,,Community Day 60,2022-12-17,
397,Staravia,Staravia,sinnoh,normal,flying,yes,,,,
398,Staraptor,Staraptor,sinnoh,normal,flying,yes,,,,
399,Bidoof,Bidiza,sinnoh,normal,,yes,,,,
400,Bibarel,Bidifas,sinnoh,normal,water,yes,,,,
401,Kricketot,Zirpurze,sinnoh,bug,,yes,,,,
402,Kricketune,Zirpeise,sinnoh,bug,,yes,,,,
403,Shinx,Sheinux,sinnoh,electric,,yes,,Community Day 48,2021-12-18,
404,Luxio,Luxio,sinnoh,electric,,yes,,,,
405,Luxray,Luxtra,sinnoh,electric,,yes,,,,
406,Budew,Knospi,sinnoh,grass,poison,yes,,,,
407,Roserade,Roserade,sinnoh,grass,poison,yes,,,,
408,Cranidos,Koknodon,sinnoh,rock,,yes,,,,
409,Rampardos,Rameidon,sinnoh,rock,,yes,,,,
410,Shieldon,Schilterus,sinnoh,rock,steel,yes,,,,
411,Bastiodon,Bollterus,sinnoh,rock,steel,yes,,,,
412,Burmy,Burmy,sinnoh,bug,,yes,,,,
413,Wormadam,Burmadame,sinnoh,bug,grass,yes,,,,
414,Mothim,Moterpel,sinnoh,bug,flying,yes,,,,
415,Combee,Wadribie,sinnoh,bug,flying,yes,,,,
416,Vespiquen,Honweisel,sinnoh,bug,flying,yes,,,,
417,Pachirisu,Pachirisu,sinnoh,electric,,yes,Alaska / Russia / Canada,,,
418,Buizel,Bamelin,sinnoh,water,,yes,,,,
419,Floatzel,Bojelin,sinnoh,water,,yes,,,,
420,Cherubi,Kikugi,sinnoh,grass,,yes,,,,
421,Cherrim,Kinoso,sinnoh,grass,,yes,,,,
422,Shellos,Schalellos,sinnoh,water,,yes,,,,
423,Gastrodon,Gastrodon,sinnoh,water,ground,yes,,,,
424,Ambipom,Ambidiffel,sinnoh,normal,,yes,,,,
425,Drifloon,Driftlon,sinnoh,ghost,flying,yes,,,,
426,Drifblim,Drifzepeli,sinnoh,ghost,flying,yes,,,,
427,Buneary,Haspiror,sinnoh,normal,,yes,,,,
428,Lopunny,Schlapor,sinnoh,normal,,yes,,,,
429,Mismagius,Traunmagil,sinnoh,ghost,,yes,,,,
430,Honchkrow,Kramshef,sinnoh,dark,flying,yes,,,,
431,Glameow,Charmian,sinnoh,normal,,yes,,,,
432,Purugly,Shnurgarst,sinnoh,normal,,yes,,,,
433,Chingling,Klingplim,sinnoh,psychic,,yes,,,,
434,Stunky,Skunkapuh,sinnoh,poison,dark,yes,,,,
435,Skuntank,Skuntank,sinnoh,poison,dark,yes,,,,
436,Bronzor,Bronzel,sinnoh,steel,psychic,yes,,,,
437,Bronzong,Bronzong,sinnoh,steel,psychic,yes,,,,
438,Bonsly,Mobai,sinnoh,rock,,yes,,,,
439,Mime Jr.,Pantimimi,sinnoh,psychic,fairy,yes,Europe,,,
440,Happiny,Wonneira,sinnoh,normal,,yes,,,,
441,Chatot,Plaudagei,sinnoh,normal,flying,yes,Southern Hemisphere,,,
442,Spiritomb,Kryppuk,sinnoh,ghost,dark,yes,,,,
443,Gible,Kaumalat,sinnoh,dragon,ground,yes,,Community Day 48,2021-12-18,
444,Gabite,Knarksel,sinnoh,dragon,ground,yes,,,,
445,Garchomp,Knakrack,sinnoh,dragon,ground,yes,,,,
446,Munchlax,Mampfaxo,sinnoh,normal,,yes,,,,
447,Riolu,Riolu,sinnoh,fighting,,yes,,,,
448,Lucario,Lucario,sinnoh,fighting,steel,yes,,,,
449,Hippopotas,Hippopotas,sinnoh,ground,,yes,,,,
450,Hippowdon,Hippoterus,sinnoh,ground,,yes,,,,
451,Skorupi,Pionskora,sinnoh,poison,bug,yes,,,,
452,Drapion,Piondragi,sinnoh,poison,dark,yes,,,,
453,Croagunk,Glibunkel,sinnoh,poison,fighting,yes,,,,
454,Toxicroak,Toxiquak,sinnoh,poison,fighting,yes,,,,
455,Carnivine,Venuflibis,sinnoh,grass,,yes,Southeast United States,,,
456,Finneon,Finneon,sinnoh,water,,yes,,,,
457,Lumineon,Lumineon,sinnoh,water,,yes,,,,
458,Mantyke,Mantirps,sinnoh,water,flying,yes,,,,
459,Snover,Shnebedeck,sinnoh,grass,ice,yes,,,,
460,Abomasnow,Rexblisar,sinnoh,grass,ice,yes,,,,
461,Weavile,Snibunna,sinnoh,dark,ice,yes,,,,
462,Magnezone,Magnezone,sinnoh,electric,steel,yes,,,,
463,Lickilicky,Schlurplek,sinnoh,normal,,yes,,,,
464,Rhyperior,Rihornior,sinnoh,ground,rock,yes,,,,
465,Tangrowth,Tangoloss,sinnoh,grass,,yes,,,,
466,Electivire,Elevoltek,sinnoh,electric,,yes,,,,
467,Magmortar,Magbrant,sinnoh,fire,,yes,,,,
468,Togekiss,Togekiss,sinnoh,fairy,flying,yes,,,,
469,Yanmega,Yanmega,sinnoh,bug,flying,yes,,,,
470,Leafeon,Folipurba,sinnoh,grass,,yes,,,,
471,Glaceon,Glaziola,sinnoh,ice,,yes,,,,
472,Gliscor,Skorgro,sinnoh,ground,flying,yes,,,,
473,Mamoswine,Mamutel,sinnoh,ice,ground,yes,,,,
474,Porygon-Z,Porygon-Z,sinnoh,normal,,yes,,,,
475,Gallade,Galagladi,sinnoh,psychic,fighting,yes,,,,
476,Probopass,Voluminas,sinnoh,rock,steel,yes,,,,
477,Dusknoir,Zwirrfinst,sinnoh,ghost,,yes,,,,
478,Froslass,Frosdedje,sinnoh,ice,ghost,yes,,,,
479,Rotom,Rotom,sinnoh,electric,ghost,yes,,,,
480,Uxie,Selfe,sinnoh,psychic,,yes,Asia-Pacific,,,
481,Mesprit,Vesprit,sinnoh,psychic,,yes,Europe / Middle East / Africa,,,
482,Azelf,Tobutz,sinnoh,psychic,,yes,Americas,,,
483,Dialga,Dialga,sinnoh,steel,dragon,yes,,,,
484,Palkia,Palkia,sinnoh,water,dragon,yes,,,,
485,Heatran,Heatran,sinnoh,fire,steel,yes,,,,
486,Regigigas,Regigigas,sinnoh,normal,,yes,,,,
487,Giratina,Giratina,sinnoh,ghost,dragon,yes,,,,
488,Cresselia,Cresselia,sinnoh,psychic,,yes,,,,
489,Phione,Phione,sinnoh,water,,no,,,,
490,Manaphy,Manaphy,sinnoh,water,,no,,,,
491,Darkrai,Darkrai,sinnoh,dark,,yes,,,,
492,Shaymin,Shaymin,sinnoh,grass,,yes,,,,
493,Arceus,Arceus,sinnoh,normal,,no,,,,
494,Victini,Victini,unova,psychic,fire,yes,,,,
495,Snivy,Serpifeu,unova,grass,,yes,,Community Day 48,2021-12-18,
496,Servine,Efoserp,unova,grass,,yes,,,,
497,Serperior,Serpiroyal,unova,grass,,yes,,,,
498,Tepig,Floink,unova,fire,,yes,,Community Day 48,2021-12-18,
499,Pignite,Ferkokel,unova,fire,fighting,yes,,,,
500,Emboar,Flambirex,unova,fire,fighting,yes,,,,
501,Oshawott,Ottaro,unova,water,,yes,,Community Day 48,2021-12-18,
502,Dewott,Zwottronin,unova,water,,yes,,,,
503,Samurott,Admurai,unova,water,,yes,,,,
504,Patrat,Nagelotz,unova,normal,,yes,,,,
505,Watchog,Kukmarda,unova,normal,,yes,,,,
506,Lillipup,Yorkleff,unova,normal,,yes,,,,
507,Herdier,Terribark,unova,normal,,yes,,,,
508,Stoutland,Bissbark,unova,normal,,yes,,,,
509,Purrloin,Felilou,unova,dark,,yes,,,,
510,Liepard,Kleoparda,unova,dark,,yes,,,,
511,Pansage,Vegimak,unova,grass,,yes,Asia-Pacific,,,
512,Simisage,Vegichita,unova,grass,,yes,,,,
513,Pansear,Grillmak,unova,fire,,yes,Europe / Middle East / Africa,,,
514,Simisear,Grillchita,unova,fire,,yes,,,,
515,Panpour,Sodamak,unova,water,,yes,Americas,,,
516,Simipour,Sodachita,unova,water,,yes,,,,
517,Munna,Somniam,unova,psychic,,yes,,,,
518,Musharna,Somnivora,unova,psychic,,yes,,,,
519,Pidove,Dusselgurr,unova,normal,flying,yes,,,,
520,Tranquill,Navitaub,unova,normal,flying,yes,,,,
521,Unfezant,Fasasnob,unova,normal,flying,yes,,,,
522,Blitzle,Elezeba,unova,electric,,yes,,,,
523,Zebstrika,Zebritz,unova,electric,,yes,,,,
524,Roggenrola,Kiesling,unova,rock,,yes,,Community Day 60,2022-12-17,
525,Boldore,Sedimantur,unova,rock,,yes,,,,
526,Gigalith,Brockoloss,unova,rock,,yes,,,,
527,Woobat,Fleknoil,unova,psychic,flying,yes,,,,
528,Swoobat,Fletiamo,unova,psychic,flying,yes,,,,
529,Drilbur,Rotomurf,unova,ground,,yes,,,,
530,Excadrill,Stalobor,unova,ground,steel,yes,,,,
531,Audino,Ohrdoch,unova,normal,,yes,,,,
532,Timburr,Praktibalk,unova,fighting,,yes,,Community Day 72,2023-12-16,
533,Gurdurr,Strepoli,unova,fighting,,yes,,,,
534,Conkeldurr,Meistagrif,unova,fighting,,yes,,,,
535,Tympole,Schallquap,unova,water,,yes,,,,
536,Palpitoad,Mebrana,unova,water,ground,yes,,,,
537,Seismitoad,Branawarz,unova,water,ground,yes,,,,
538,Throh,Jiutesto,unova,fighting,,yes,Europe / Middle East / Africa,,,
539,Sawk,Karadonis,unova,fighting,,yes,Americas,,,
540,Sewaddle,Strawickl,unova,bug,grass,yes,,,,
541,Swadloon,Folikon,unova,bug,grass,yes,,,,
542,Leavanny,Matrifol,unova,bug,grass,yes,,,,
543,Venipede,Toxiped,unova,bug,poison,yes,,,,
544,Whirlipede,Rollum,unova,bug,poison,yes,,,,
545,Scolipede,Cerapendra,unova,bug,poison,yes,,,,
546,Cottonee,Waumboll,unova,grass,fairy,yes,,,,
547,Whimsicott,Elfun,unova,grass,fairy,yes,,,,
548,Petilil,Lilminip,unova,grass,,yes,,,,
549,Lilligant,Dressella,unova,grass,,yes,,,,
550,Basculin,Barschuft,unova,water,,yes,Americas,,,
551,Sandile,Ganovil,unova,ground,dark,yes,,,,
552,Krokorok,Rokkaiman,unova,ground,dark,yes,,,,
553,Krookodile,Rabigator,unova,ground,dark,yes,,,,
554,Darumaka,Flampion,unova,fire,,yes,,,,
555,Darmanitan,Flampivian,unova,fire,,yes,,,,
556,Maractus,Maracamba,unova,grass,,yes,Southern United States / Mexico,,,
557,Dwebble,Lithomith,unova,bug,rock,yes,,,,
558,Crustle,Castellith,unova,bug,rock,yes,,,,
559,Scraggy,Zurrokex,unova,dark,fighting,yes,,,,
560,Scrafty,Irokex,unova,dark,fighting,yes,,,,
561,Sigilyph,Symvolara,unova,psychic,flying,yes,Africa / Mediterranean,,,
562,Yamask,Makabaja,unova,ghost,,yes,,,,
563,Cofagrigus,Echnatoll,unova,ghost,,yes,,,,
564,Tirtouga,Galapaflos,unova,water,rock,yes,,,,
565,Carracosta,Karippas,unova,water,rock,yes,,,,
566,Archen,Flapteryx,unova,rock,flying,yes,,,,
567,Archeops,Aeropteryx,unova,rock,flying,yes,,,,
568,Trubbish,Unratütox,unova,poison,,yes,,,,
569,Garbodor,Deponitox,unova,poison,,yes,,,,
570,Zorua,Zorua,unova,dark,,yes,,,,
571,Zoroark,Zoroark,unova,dark,,yes,,,,
572,Minccino,Picochilla,unova,normal,,yes,,,,
573,Cinccino,Chillabell,unova,normal,,yes,,,,
574,Gothita,Mollimorba,unova,psychic,,yes,,,,
575,Gothorita,Hypnomorba,unova,psychic,,yes,,,,
576,Gothitelle,Morbitesse,unova,psychic,,yes,,,,
577,Solosis,Monozyto,unova,psychic,,yes,,,,
578,Duosion,Mitodos,unova,psychic,,yes,,,,
579,Reuniclus,Zytomega,unova,psychic,,yes,,,,
580,Ducklett,Piccolente,unova,water,flying,yes,,,,
581,Swanna,Swaroness,unova,water,flying,yes,,,,
582,Vanillite,Gelatini,unova,ice,,yes,,,,
583,Vanillish,Gelatroppo,unova,ice,,yes,,,,
584,Vanilluxe,Gelatwino,unova,ice,,yes,,,,
585,Deerling,Sesokitz,unova,normal,grass,yes,,,,
586,Sawsbuck,Kronjuwild,unova,normal,grass,yes,,,,
587,Emolga,Emolga,unova,electric,flying,yes,,,,
588,Karrablast,Laukaps,unova,bug,,yes,,,,
589,Escavalier,Cavalanzas,unova,bug,steel,yes,,,,
590,Foongus,Tarnpignon,unova,grass,poison,yes,,,,
591,Amoonguss,Hutsassa,unova,grass,poison,yes,,,,
592,Frillish,Quabbel,unova,water,ghost,yes,,,,
593,Jellicent,Apoquallyp,unova,water,ghost,yes,,,,
594,Alomomola,Mamolida,unova,water,,yes,,,,
595,Joltik,Wattzapf,unova,bug,electric,yes,,,,
596,Galvantula,Voltula,unova,bug,electric,yes,,,,
597,Ferroseed,Kastadur,unova,grass,steel,yes,,,,
598,Ferrothorn,Tentantel,unova,grass,steel,yes,,,,
599,Klink,Klikk,unova,steel,,yes,,,,
600,Klang,Kliklak,unova,steel,,yes,,,,
601,Klinklang,Klikdiklak,unova,steel,,yes,,,,
602,Tynamo,Zapplardin,unova,electric,,yes,,Community Day 79,2024-07-21,
603,Eelektrik,Zapplalek,unova,electric,,yes,,,,
604,Eelektross,Zapplarang,unova,electric,,yes,,,,
605,Elgyem,Pygraulon,unova,psychic,,yes,,,,
606,Beheeyem,Megalon,unova,psychic,,yes,,,,
607,Litwick,Lichtel,unova,ghost,fire,yes,,Community Day 60,2022-12-17,
608,Lampent,Laternecto,unova,ghost,fire,yes,,,,
609,Chandelure,Skelabra,unova,ghost,fire,yes,,,,
610,Axew,Milza,unova,dragon,,yes,,Community Day 72,2023-12-16,
611,Fraxure,Sharfax,unova,dragon,,yes,,,,
612,Haxorus,Maxax,unova,dragon,,yes,,,,
613,Cubchoo,Petznief,unova,ice,,yes,,,,
614,Beartic,Siberio,unova,ice,,yes,,,,
615,Cryogonal,Frigometri,unova,ice,,yes,,,,
616,Shelmet,Schnuthelm,unova,bug,,yes,,,,
617,Accelgor,Hydragil,unova,bug,,yes,,,,
618,Stunfisk,Flunschlik,unova,ground,electric,yes,,,,
619,Mienfoo,Lin-Fu,unova,fighting,,yes,,,,
620,Mienshao,Wie-Shu,unova,fighting,,yes,,,,
621,Druddigon,Shardrago,unova,dragon,,yes,,,,
622,Golett,Golbit,unova,ground,ghost,yes,,,,
623,Golurk,Golgantes,unova,ground,ghost,yes,,,,
624,Pawniard,Gladiantri,unova,dark,steel,yes,,,,
625,Bisharp,Caesurio,unova,dark,steel,yes,,,,
626,Bouffalant,Bisofank,unova,normal,,yes,New York City area,,,
627,Rufflet,Geronimatz,unova,normal,flying,yes,,,,
628,Braviary,Washakwil,unova,normal,flying,yes,,,,
629,Vullaby,Skallyk,unova,dark,flying,yes,,,,
630,Mandibuzz,Grypheldis,unova,dark,flying,yes,,,,
631,Heatmor,Furnifraß,unova,fire,,yes,"Europe, Asia, Australia",,,
632,Durant,Fermicula,unova,bug,steel,yes,Americas,,,
633,Deino,Kapuno,unova,dark,dragon,yes,,Community Day 60,2022-12-17,
634,Zweilous,Duodino,unova,dark,dragon,yes,,,,
635,Hydreigon,Trikephalo,unova,dark,dragon,yes,,,,
636,Larvesta,Ignivor,unova,bug,fire,yes,,,,
637,Volcarona,Ramoth,unova,bug,fire,yes,,,,
638,Cobalion,Kobalium,unova,steel,fighting,yes,,,,
639,Terrakion,Terrakium,unova,rock,fighting,yes,,,,
640,Virizion,Viridium,unova,grass,fighting,yes,,,,
641,Tornadus,Boreos,unova,flying,,yes,,,,
642,Thundurus,Voltolos,unova,electric,flying,yes,,,,
643,Reshiram,Reshiram,unova,dragon,fire,yes,,,,
644,Zekrom,Zekrom,unova,dragon,electric,yes,,,,
645,Landorus,Demeteros,unova,ground,flying,yes,,,,
646,Kyurem,Kyurem,unova,dragon,ice,yes,,,,
647,Keldeo,Keldeo,unova,water,fighting,yes,,,,
648,Meloetta,Meloetta,unova,normal,psychic,yes,,,,
649,Genesect,Genesect,unova,bug,steel,yes,,,,
650,Chespin,Igamaro,kalos,grass,,yes,,Community Day 72,2023-12-16,
651,Quilladin,Igastarnish,kalos,grass,,yes,,,,
652,Chesnaught,Brigaron,kalos,grass,fighting,yes,,,,
653,Fennekin,Fynx,kalos,fire,,yes,,Community Day 72,2023-12-16,
654,Braixen,Rutena,kalos,fire,,yes,,,,
655,Delphox,Fennexis,kalos,fire,psychic,yes,,,,
656,Froakie,Froxy,kalos,water,,yes,,Community Day 72,2023-12-16,
657,Frogadier,Amphizel,kalos,water,,yes,,,,
658,Greninja,Quajutsu,kalos,water,dark,yes,,,,
659,Bunnelby,Scoppel,kalos,normal,,yes,,,,
660,Diggersby,Grebbit,kalos,normal,ground,yes,,,,
661,Fletchling,Dartiri,kalos,normal,flying,yes,,Community Day 48,2021-12-18,
662,Fletchinder,Dartignis,kalos,fire,flying,yes,,,,
663,Talonflame,Fiaro,kalos,fire,flying,yes,,,,
664,Scatterbug,Purmel,kalos,bug,,yes,,,,
665,Spewpa,Puponcho,kalos,bug,,yes,,,,
666,Vivillon,Vivillon,kalos,bug,flying,yes,,,,
667,Litleo,Leufeo,kalos,fire,normal,yes,,,,
668,Pyroar,Pyroleo,kalos,fire,normal,yes,,,,
669,Flabébé,Flabébé,kalos,fairy,,yes,,,,
670,Floette,Floette,kalos,fairy,,yes,,,,
671,Florges,Florges,kalos,fairy,,yes,,,,
672,Skiddo,Mähikel,kalos,grass,,yes,,,,
673,Gogoat,Chevrumm,kalos,grass,,yes,,,,
674,Pancham,Pam-Pam,kalos,fighting,,yes,,,,
675,Pangoro,Pandagro,kalos,fighting,dark,yes,,,,
676,Furfrou,Coiffwaff,kalos,normal,,yes,,,,
677,Espurr,Psiau,kalos,psychic,,yes,,,,
678,Meowstic,Psiaugon,kalos,psychic,,yes,,,,
679,Honedge,Gramokles,kalos,steel,ghost,yes,,,,
680,Doublade,Duokles,kalos,steel,ghost,yes,,,,
681,Aegislash,Durengard,kalos,steel,ghost,yes,,,,
682,Spritzee,Parfi,kalos,fairy,,yes,,,,
683,Aromatisse,Parfinesse,kalos,fairy,,yes,,,,
684,Swirlix,Flauschling,kalos,fairy,,yes,,,,
685,Slurpuff,Sabbaione,kalos,fairy,,yes,,,,
686,Inkay,Iscalar,kalos,dark,psychic,yes,,,,
687,Malamar,Calamanero,kalos,dark,psychic,yes,,,,
688,Binacle,Bithora,kalos,rock,water,yes,,,,
689,Barbaracle,Thanathora,kalos,rock,water,yes,,,,
690,Skrelp,Algitt,kalos,poison,water,yes,,,,
691,Dragalge,Tandrak,kalos,poison,dragon,yes,,,,
692,Clauncher,Scampisto,kalos,water,,yes,,,,
693,Clawitzer,Wummer,kalos,water,,yes,,,,
694,Helioptile,Eguana,kalos,electric,normal,yes,,,,
695,Heliolisk,Elezard,kalos,electric,normal,yes,,,,
696,Tyrunt,Balgoras,kalos,rock,dragon,yes,,,,
697,Tyrantrum,Monargoras,kalos,rock,dragon,yes,,,,
698,Amaura,Amarino,kalos,rock,ice,yes,,,,
699,Aurorus,Amagarga,kalos,rock,ice,yes,,,,
700,Sylveon,Feelinara,kalos,fairy,,yes,,,,
701,Hawlucha,Resladero,kalos,fighting,flying,yes,Mexico,,,
702,Dedenne,Dedenne,kalos,electric,fairy,yes,,,,
703,Carbink,Rocara,kalos,rock,fairy,yes,,,,
704,Goomy,Viscora,kalos,dragon,,yes,,Community Day 78,2024-06-09,
705,Sliggoo,Viscargot,kalos,dragon,,yes,,,,
706,Goodra,Viscogon,kalos,dragon,,yes,,,,
707,Klefki,Clavion,kalos,steel,fairy,yes,Western Europe,,,
708,Phantump,Paragoni,kalos,ghost,grass,yes,,,,
709,Trevenant,Trombork,kalos,ghost,grass,yes,,,,
710,Pumpkaboo,Irrbis,kalos,ghost,grass,yes,,,,
711,Gourgeist,Pumpdjinn,kalos,ghost,grass,yes,,,,
712,Bergmite,Arktip,kalos,ice,,yes,,,,
713,Avalugg,Arktilas,kalos,ice,,yes,,,,
714,Noibat,eF-eM,kalos,flying,dragon,yes,,Community Day 72,2023-12-16,
715,Noivern,UHaFnir,kalos,flying,dragon,yes,,,,
716,Xerneas,Xerneas,kalos,fairy,,yes,,,,
717,Yveltal,Yveltal,kalos,dark,flying,yes,,,,
718,Zygarde,Zygarde,kalos,dragon,ground,yes,,,,
719,Diancie,Diancie,kalos,rock,fairy,yes,,,,
720,Hoopa,Hoopa,kalos,psychic,ghost,yes,,,,
721,Volcanion,Volcanion,kalos,fire,water,yes,,,,
722,Rowlet,Bauz,alola,grass,flying,yes,,Community Day 73,2024-01-06,
723,Dartrix,Arboretoss,alola,grass,flying,yes,,,,
724,Decidueye,Silvarro,alola,grass,ghost,yes,,,,
725,Litten,Flamiau,alola,fire,,yes,,Community Day 75,2024-03-16,
726,Torracat,Miezunder,alola,fire,,yes,,,,
727,Incineroar,Fuegro,alola,fire,dark,yes,,,,
728,Popplio,Robball,alola,water,,yes,,Community Day 80,2024-08-31,
729,Brionne,Marikeck,alola,water,,yes,,,,
730,Primarina,Primarene,alola,water,fairy,yes,,,,
731,Pikipek,Peppeck,alola,normal,flying,yes,,,,
732,Trumbeak,Trompeck,alola,normal,flying,yes,,,,
733,Toucannon,Tukanon,alola,normal,flying,yes,,,,
734,Yungoos,Mangunior,alola,normal,,yes,,,,
735,Gumshoos,Manguspektor,alola,normal,,yes,,,,
736,Grubbin,Mabula,alola,bug,,yes,,Community Day 72,2023-12-16,
737,Charjabug,Akkup,alola,bug,electric,yes,,,,
738,Vikavolt,Donarion,alola,bug,electric,yes,,,,
739,Crabrawler,Krabbox,alola,fighting,,yes,Americas,,,
740,Crabominable,Krawell,alola,fighting,ice,yes,Americas,,,
741,Oricorio,Choreogel,alola,fire,flying,yes,Americas,,,
742,Cutiefly,Wommel,alola,bug,fairy,yes,,,,
743,Ribombee,Bandelby,alola,bug,fairy,yes,,,,
744,Rockruff,Wuffels,alola,rock,,yes,,,,
745,Lycanroc,Wolwerock,alola,rock,,yes,,,,
746,Wishiwashi,Lusardin,alola,water,,no,,,,
747,Mareanie,Garstella,alola,poison,water,yes,,,,
748,Toxapex,Aggrostella,alola,poison,water,yes,,,,
749,Mudbray,Pampuli,alola,ground,,yes,,,,
750,Mudsdale,Pampross,alola,ground,,yes,,,,
751,Dewpider,Araqua,alola,water,bug,yes,,,,
752,Araquanid,Aranestro,alola,water,bug,yes,,,,
753,Fomantis,Imantis,alola,grass,,yes,,,,
754,Lurantis,Mantidea,alola,grass,,yes,,,,
755,Morelull,Bubungus,alola,grass,fairy,yes,,,,
756,Shiinotic,Lamellux,alola,grass,fairy,yes,,,,
757,Salandit,Molunk,alola,poison,fire,yes,,,,
758,Salazzle,Amfira,alola,poison,fire,yes,,,,
759,Stufful,Velursi,alola,normal,fighting,yes,,Community Day 60,2022-12-17,
760,Bewear,Kosturso,alola,normal,fighting,yes,,,,
761,Bounsweet,Frubberl,alola,grass,,yes,,Community Day 77,2024-05-19,
762,Steenee,Frubaila,alola,grass,,yes,,,,
763,Tsareena,Fruyal,alola,grass,,yes,,,,
764,Comfey,Curelei,alola,fairy,,yes,Hawaii,,,
765,Oranguru,Kommandutan,alola,normal,psychic,yes,Southern Hemisphere,,,
766,Passimian,Quartermak,alola,fighting,,yes,Northern Hemisphere,,,
767,Wimpod,Reißlaus,alola,bug,water,yes,,,,
768,Golisopod,Tectass,alola,bug,water,yes,,,,
769,Sandygast,Sankabuh,alola,ghost,ground,yes,,,,
770,Palossand,Colossand,alola,ghost,ground,yes,,,,
771,Pyukumuku,Gufa,alola,water,,no,,,,
772,Type: Null,Typ:Null,alola,normal,,no,,,,
773,Silvally,Amigento,alola,normal,,no,,,,
774,Minior,Meteno,alola,rock,flying,no,,,,
775,Komala,Koalelu,alola,normal,,yes,Australia,,,
776,Turtonator,Tortunator,alola,fire,dragon,yes,,,,
777,Togedemaru,Togedemaru,alola,electric,steel,yes,,,,
778,Mimikyu,Mimigma,alola,ghost,fairy,no,,,,
779,Bruxish,Knirfish,alola,water,psychic,yes,,,,
780,Drampa,Sen-Long,alola,normal,dragon,yes,,,,
781,Dhelmise,Moruda,alola,ghost,grass,yes,,,,
782,Jangmo-o,Miniras,alola,dragon,,yes,,,,
783,Hakamo-o,Mediras,alola,dragon,fighting,yes,,,,
784,Kommo-o,Grandiras,alola,dragon,fighting,yes,,,,
785,Tapu Koko,Kapu-Riki,alola,electric,fairy,yes,,,,
786,Tapu Lele,Kapu-Fala,alola,psychic,fairy,yes,,,,
787,Tapu Bulu,Kapu-Toro,alola,grass,fairy,yes,,,,
788,Tapu Fini,Kapu-Kime,alola,water,fairy,yes,,,,
789,Cosmog,Cosmog,alola,psychic,,yes,,,,
790,Cosmoem,Cosmovum,alola,psychic,,yes,,,,
791,Solgaleo,Solgaleo,alola,psychic,steel,yes,,,,
792,Lunala,Lunala,alola,psychic,ghost,yes,,,,
793,Nihilego,Anego,alola,rock,poison,yes,,,,
794,Buzzwole,Masskito,alola,bug,fighting,yes,,,,
795,Pheromosa,Schabelle,alola,bug,fighting,yes,,,,
796,Xurkitree,Voltriant,alola,electric,,yes,,,,
797,Celesteela,Kaguron,alola,steel,flying,yes,,,,
798,Kartana,Katagami,alola,grass,steel,yes,,,,
799,Guzzlord,Schlingking,alola,dark,dragon,yes,,,,
800,Necrozma,Necrozma,alola,psychic,,yes,,,,
801,Magearna,Magearna,alola,steel,fairy,no,,,,
802,Marshadow,Marshadow,alola,fighting,ghost,yes,,,,
803,Poipole,Venicro,alola,poison,,yes,,,,
804,Naganadel,Agoyon,alola,poison,dragon,yes,,,,
805,Stakataka,Muramura,alola,rock,steel,yes,,,,
806,Blacephalon,Kopplosio,alola,fire,ghost,yes,,,,
807,Zeraora,Zeraora,alola,electric,,no,,,,
808,Meltan,Meltan,unidentified,steel,,yes,,,,
809,Melmetal,Melmetal,unidentified,steel,,yes,,,,
810,Grookey,Chimpep,galar,grass,,yes,,,,
811,Thwackey,Chimstix,galar,grass,,yes,,,,
812,Rillaboom,Gortrom,galar,grass,,yes,,,,
813,Scorbunny,Hopplo,galar,fire,,yes,,,,
814,Raboot,Kickerlo,galar,fire,,yes,,,,
815,Cinderace,Liberlo,galar,fire,,yes,,,,
816,Sobble,Memmeon,galar,water,,yes,,,,
817,Drizzile,Phlegleon,galar,water,,yes,,,,
818,Inteleon,Intelleon,galar,water,,yes,,,,
819,Skwovet,Raffel,galar,normal,,yes,,,,
820,Greedent,Schlaraffel,galar,normal,,yes,,,,
821,Rookidee,Meikro,galar,flying,,yes,,,,
822,Corvisquire,Kranoviz,galar,flying,,yes,,,,
823,Corviknight,Krarmor,galar,flying,steel,yes,,,,
824,Blipbug,Sensect,galar,bug,,no,,,,
825,Dottler,Keradar,galar,bug,psychic,no,,,,
826,Orbeetle,Maritellit,galar,bug,psychic,no,,,,
827,Nickit,Kleptifux,galar,dark,,yes,,,,
828,Thievul,Gaunux,galar,dark,,yes,,,,
829,Gossifleur,Cottini,galar,grass,,yes,,,,
830,Eldegoss,Cottomi,galar,grass,,yes,,,,
831,Wooloo,Wolly,galar,normal,,yes,,,,
832,Dubwool,Zwollock,galar,normal,,yes,,,,
833,Chewtle,Kamehaps,galar,water,,no,,,,
834,Drednaw,Kamalm,galar,water,rock,no,,,,
835,Yamper,Voldi,galar,electric,,yes,,,,
836,Boltund,Bellektro,galar,electric,,yes,,,,
837,Rolycoly,Klonkett,galar,rock,,yes,,,,
838,Carkol,Wagong,galar,rock,fire,yes,,,,
839,Coalossal,Montecarbo,galar,rock,fire,yes,,,,
840,Applin,Knapfel,galar,grass,dragon,yes,,,,
841,Flapple,Drapfel,galar,grass,dragon,yes,,,,
842,Appletun,Schlapfel,galar,grass,dragon,yes,,,,
843,Silicobra,Salanga,galar,ground,,no,,,,
844,Sandaconda,Sanaconda,galar,ground,,no,,,,
845,Cramorant,Urgl,galar,flying,water,yes,,,,
846,Arrokuda,Pikuda,galar,water,,no,,,,
847,Barraskewda,Barrakiefa,galar,water,,no,,,,
848,Toxel,Toxel,galar,electric,poison,no,,,,
849,Toxtricity,Riffex,galar,electric,poison,no,,,,
850,Sizzlipede,Thermopod,galar,fire,bug,yes,,,,
851,Centiskorch,Infernopod,galar,fire,bug,yes,,,,
852,Clobbopus,Klopptopus,galar,fighting,,yes,,,,
853,Grapploct,Kaocto,galar,fighting,,yes,,,,
854,Sinistea,Fatalitee,galar,ghost,,no,,,,
855,Polteageist,Mortipot,galar,ghost,,yes,,,,
856,Hatenna,Brimova,galar,psychic,,yes,,,,
857,Hattrem,Brimano,galar,psychic,,yes,,,,
858,Hatterene,Silembrim,galar,psychic,fairy,yes,,,,
859,Impidimp,Bähmon,galar,dark,fairy,yes,,,,
860,Morgrem,Pelzebub,galar,dark,fairy,yes,,,,
861,Grimmsnarl,Olangaar,galar,dark,fairy,yes,,,,
862,Obstagoon,Barrikadax,galar,dark,normal,yes,,,,
863,Perrserker,Mauzinger,galar,steel,,yes,,,,
864,Cursola,Gorgasonn,galar,ghost,,yes,,,,
865,Sirfetch’d,Lauchzelot,galar,fighting,,yes,,,,
866,Mr. Rime,Pantifrost,galar,ice,psychic,yes,,,,
867,Runerigus,Oghnatoll,galar,ground,ghost,yes,,,,
868,Milcery,Hokumil,galar,fairy,,no,,,,
869,Alcremie,Pokusan,galar,fairy,,no,,,,
870,Falinks,Legios,galar,fighting,,yes,,,,
871,Pincurchin,Britzigel,galar,electric,,no,,,,
872,Snom,Snomnom,galar,ice,bug,yes,,,,
873,Frosmoth,Mottineva,galar,ice,bug,yes,,,,
874,Stonjourner,Humanolith,galar,rock,,yes,United Kingdom,,,
875,Eiscue,Kubuin,galar,ice,,no,Antarctic / polar,,,
876,Indeedee,Servol,galar,psychic,normal,yes,,,,
877,Morpeko,Morpeko,galar,electric,dark,yes,,,,
878,Cufant,Kupfanti,galar,steel,,no,,,,
879,Copperajah,Patinaraja,galar,steel,,no,,,,
880,Dracozolt,Lectragon,galar,electric,dragon,no,,,,
881,Arctozolt,Lecryodon,galar,electric,ice,no,,,,
882,Dracovish,Pescragon,galar,water,dragon,no,,,,
883,Arctovish,Pescryodon,galar,water,ice,no,,,,
884,Duraludon,Duraludon,galar,steel,dragon,yes,,,,
885,Dreepy,Grolldra,galar,dragon,ghost,yes,,,,
886,Drakloak,Phandra,galar,dragon,ghost,yes,,,,
887,Dragapult,Katapuldra,galar,dragon,ghost,yes,,,,
888,Zacian,Zacian,galar,fairy,,yes,,,,
889,Zamazenta,Zamazenta,galar,fighting,,yes,,,,
890,Eternatus,Endynalos,galar,poison,dragon,yes,,,,
891,Kubfu,Dakuma,galar,fighting,,yes,,,,
892,Urshifu,Wulaosu,galar,fighting,dark,yes,,,,
893,Zarude,Zarude,galar,dark,grass,yes,,,,
894,Regieleki,Regieleki,galar,electric,,yes,,,,
895,Regidrago,Regidrago,galar,dragon,,yes,,,,
896,Glastrier,Polaross,galar,ice,,no,,,,
897,Spectrier,Phantoross,galar,ghost,,no,,,,
898,Calyrex,Coronospa,galar,psychic,grass,no,,,,
899,Wyrdeer,Damythir,galar,normal,psychic,yes,,,,
900,Kleavor,Axantor,galar,bug,rock,yes,,,,
901,Ursaluna,Ursaluna,galar,ground,normal,yes,,,,
902,Basculegion,Salmagnis,galar,water,ghost,no,,,,
903,Sneasler,Snieboss,galar,fighting,poison,yes,,,,
904,Overqwil,Myriador,galar,dark,poison,yes,,,,
905,Enamorus,Cupidos,galar,fairy,flying,yes,,,,
906,Sprigatito,Felori,paldea,grass,,yes,,,,
907,Floragato,Feliospa,paldea,grass,,yes,,,,
908,Meowscarada,Maskagato,paldea,grass,dark,yes,,,,
909,Fuecoco,Krokel,paldea,fire,,yes,,,,
910,Crocalor,Lokroko,paldea,fire,,yes,,,,
911,Skeledirge,Skelokrok,paldea,fire,ghost,yes,,,,
912,Quaxly,Kwaks,paldea,water,,yes,,,,
913,Quaxwell,Fuentente,paldea,water,,yes,,,,
914,Quaquaval,Bailonda,paldea,water,fighting,yes,,,,
915,Lechonk,Ferkuli,paldea,normal,,yes,,,,
916,Oinkologne,Fragrunz,paldea,normal,,yes,,,,
917,Tarountula,Tarundel,paldea,bug,,yes,,,,
918,Spidops,Spinsidias,paldea,bug,,yes,,,,
919,Nymble,Micrick,paldea,bug,,yes,,,,
920,Lokix,Lextremo,paldea,bug,dark,yes,,,,
921,Pawmi,Pamo,paldea,electric,,yes,,,,
922,Pawmo,Pamamo,paldea,electric,fighting,yes,,,,
923,Pawmot,Pamomamo,paldea,electric,fighting,yes,,,,
924,Tandemaus,Zwieps,paldea,normal,,yes,,,,
925,Maushold,Famieps,paldea,normal,,yes,,,,
926,Fidough,Hefel,paldea,fairy,,yes,,,,
927,Dachsbun,Backel,paldea,fairy,,yes,,,,
928,Smoliv,Olini,paldea,grass,normal,yes,,,,
929,Dolliv,Olivinio,paldea,grass,normal,yes,,,,
930,Arboliva,Olithena,paldea,grass,normal,yes,,,,
931,Squawkabilly,Krawalloro,paldea,normal,flying,no,,,,
932,Nacli,Geosali,paldea,rock,,yes,,,,
933,Naclstack,Sedisal,paldea,rock,,yes,,,,
934,Garganacl,Saltigant,paldea,rock,,yes,,,,
935,Charcadet,Knarbon,paldea,fire,,yes,,,,
936,Armarouge,Crimanzo,paldea,fire,psychic,yes,,,,
937,Ceruledge,Azugladis,paldea,fire,ghost,yes,,,,
938,Tadbulb,Blipp,paldea,electric,,yes,,,,
939,Bellibolt,Wampitz,paldea,electric,,yes,,,,
940,Wattrel,Voltrel,paldea,electric,flying,yes,,,,
941,Kilowattrel,Voltrean,paldea,electric,flying,yes,,,,
942,Maschiff,Mobtiff,paldea,dark,,no,,,,
943,Mabosstiff,Mastifioso,paldea,dark,,no,,,,
944,Shroodle,Sproxi,paldea,poison,normal,yes,,,,
945,Grafaiai,Affiti,paldea,poison,normal,yes,,,,
946,Bramblin,Weherba,paldea,grass,ghost,no,,,,
947,Brambleghast,Horrerba,paldea,grass,ghost,no,,,,
948,Toedscool,Tentagra,paldea,ground,grass,yes,,,,
949,Toedscruel,Tenterra,paldea,ground,grass,yes,,,,
950,Klawf,Klibbe,paldea,rock,,yes,,,,
951,Capsakid,Chilingel,paldea,grass,,no,,,,
952,Scovillain,Halupenjo,paldea,grass,fire,no,,,,
953,Rellor,Relluk,paldea,bug,,no,,,,
954,Rabsca,Skarabaks,paldea,bug,psychic,no,,,,
955,Flittle,Flattutu,paldea,psychic,,no,,,,
956,Espathra,Psiopatra,paldea,psychic,,no,,,,
957,Tinkatink,Forgita,paldea,fairy,steel,yes,,,,
958,Tinkatuff,Tafforgita,paldea,fairy,steel,yes,,,,
959,Tinkaton,Granforgita,paldea,fairy,steel,yes,,,,
960,Wiglett,Schligda,paldea,water,,yes,,,,
961,Wugtrio,Schligdri,paldea,water,,yes,,,,
962,Bombirdier,Adebom,paldea,flying,dark,yes,,,,
963,Finizen,Normifin,paldea,water,,no,,,,
964,Palafin,Delfinator,paldea,water,,no,,,,
965,Varoom,Knattox,paldea,steel,poison,yes,,,,
966,Revavroom,Knattatox,paldea,steel,poison,yes,,,,
967,Cyclizar,Mopex,paldea,dragon,normal,no,,,,
968,Orthworm,Schlurm,paldea,steel,,no,,,,
969,Glimmet,Lumispross,paldea,rock,poison,yes,,,,
970,Glimmora,Lumiflora,paldea,rock,poison,yes,,,,
971,Greavard,Gruff,paldea,ghost,,yes,,,,
972,Houndstone,Friedwuff,paldea,ghost,,yes,,,,
973,Flamigo,Flaminkno,paldea,flying,fighting,no,,,,
974,Cetoddle,Flaniwal,paldea,ice,,yes,,,,
975,Cetitan,Kolowal,paldea,ice,,yes,,,,
976,Veluza,Agiluza,paldea,water,psychic,no,,,,
977,Dondozo,Heerashai,paldea,water,,yes,,,,
978,Tatsugiri,Nigiragi,paldea,dragon,water,yes,,,,
979,Annihilape,Epitaff,paldea,fighting,ghost,yes,,,,
980,Clodsire,Suelord,paldea,poison,ground,yes,,,,
981,Farigiraf,Farigiraf,paldea,normal,psychic,no,,,,
982,Dudunsparce,Dummimisel,paldea,normal,,yes,,,,
983,Kingambit,Gladimperio,paldea,dark,steel,yes,,,,
984,Great Tusk,Riesenzahn,paldea,ground,fighting,no,,,,
985,Scream Tail,Brüllschweif,paldea,fairy,psychic,no,,,,
986,Brute Bonnet,Wutpilz,paldea,grass,dark,no,,,,
987,Flutter Mane,Flatterhaar,paldea,ghost,fairy,no,,,,
988,Slither Wing,Kriechflügel,paldea,bug,fighting,no,,,,
989,Sandy Shocks,Sandfell,paldea,electric,ground,no,,,,
990,Iron Treads,Eisenrad,paldea,ground,steel,no,,,,
991,Iron Bundle,Eisenbündel,paldea,ice,water,no,,,,
992,Iron Hands,Eisenhand,paldea,fighting,electric,no,,,,
993,Iron Jugulis,Eisenhals,paldea,dark,flying,no,,,,
994,Iron Moth,Eisenfalter,paldea,fire,poison,no,,,,
995,Iron Thorns,Eisendorn,paldea,rock,electric,no,,,,
996,Frigibax,Frospino,paldea,dragon,ice,yes,,,,
997,Arctibax,Cryospino,paldea,dragon,ice,yes,,,,
998,Baxcalibur,Espinodon,paldea,dragon,ice,yes,,,,
999,Gimmighoul,Gierspenst,paldea,ghost,,yes,,,,
1000,Gholdengo,Monetigo,paldea,steel,ghost,yes,,,,
1001,Wo-Chien,Chongjian,paldea,dark,grass,no,,,,
1002,Chien-Pao,Baojian,paldea,dark,ice,no,,,,
1003,Ting-Lu,Dinglu,paldea,dark,ground,no,,,,
1004,Chi-Yu,Yuyu,paldea,dark,fire,no,,,,
1005,Roaring Moon,Donnersichel,paldea,dragon,dark,no,,,,
1006,Iron Valiant,Eisenkrieger,paldea,fairy,fighting,no,,,,
1007,Koraidon,Koraidon,paldea,fighting,dragon,no,,,,
1008,Miraidon,Miraidon,paldea,electric,dragon,no,,,,
1009,Walking Wake,Windewoge,paldea,water,dragon,no,,,,
1010,Iron Leaves,Eisenblatt,paldea,grass,psychic,no,,,,
1011,Dipplin,Sirapfel,paldea,grass,dragon,yes,,,,
1012,Poltchageist,Mortcha,paldea,grass,ghost,yes,,,,
1013,Sinistcha,Fatalitcha,paldea,grass,ghost,yes,,,,
1014,Okidogi,Boninu,paldea,poison,fighting,no,,,,
1015,Munkidori,Benesaru,paldea,poison,psychic,no,,,,
1016,Fezandipiti,Beatori,paldea,poison,fairy,no,,,,
1017,Ogerpon,Ogerpon,paldea,grass,,no,,,,
1018,Archaludon,Briduradon,paldea,steel,dragon,no,,,,
1019,Hydrapple,Hydrapfel,paldea,grass,dragon,yes,,,,
1020,Gouging Fire,Keilflamme,paldea,fire,dragon,no,,,,
1021,Raging Bolt,Furienblitz,paldea,electric,dragon,no,,,,
1022,Iron Boulder,Eisenfels,paldea,rock,psychic,no,,,,
1023,Iron Crown,Eisenhaupt,paldea,steel,psychic,no,,,,
1024,Terapagos,Terapagos,paldea,normal,,no,,,,
1025,Pecharunt,Infamomo,paldea,poison,ghost,no,,,,
